{
    "@odata.type": "#ThermalMetrics.v1_2_0.ThermalMetrics",
    "@odata.id": "/redfish/v1/Chassis/Enclosure.External.0-2_RAID.Slot.5-1/ThermalSubsystem/ThermalMetrics",
    "@odata.context": "/redfish/v1/$metadata#ThermalMetrics.ThermalMetrics",
    "Id": "ThermalMetrics",
    "Name": "Chassis Thermal Metrics",
    "Description": "Represents the properties of Thermal Metrics of the chassis",
    "TemperatureReadingsCelsius": [
        {
            "Reading": 65.0,
            "DataSourceUri": "/redfish/v1/Chassis/Enclosure.External.0-2:RAID.Slot.5-1/Sensors/TempSensor.LCC-A.1"
        },
        {
            "Reading": 45.0,
            "DataSourceUri": "/redfish/v1/Chassis/Enclosure.External.0-2:RAID.Slot.5-1/Sensors/TempSensor.LCC-A.2"
        },
        {
            "Reading": 45.0,
            "DataSourceUri": "/redfish/v1/Chassis/Enclosure.External.0-2:RAID.Slot.5-1/Sensors/TempSensor.LCC-A.3"
        },
        {
            "Reading": 65.0,
            "DataSourceUri": "/redfish/v1/Chassis/Enclosure.External.0-2:RAID.Slot.5-1/Sensors/TempSensor.Chassis.1"
        },
        {
            "Reading": 30.0,
            "DataSourceUri": "/redfish/v1/Chassis/Enclosure.External.0-2:RAID.Slot.5-1/Sensors/TempSensor.Chassis.2"
        },
        {
            "Reading": 48.0,
            "DataSourceUri": "/redfish/v1/Chassis/Enclosure.External.0-2:RAID.Slot.5-1/Sensors/TempSensor.Chassis.3"
        },
        {
            "Reading": 48.0,
            "DataSourceUri": "/redfish/v1/Chassis/Enclosure.External.0-2:RAID.Slot.5-1/Sensors/TempSensor.Chassis.4"
        },
        {
            "Reading": 47.0,
            "DataSourceUri": "/redfish/v1/Chassis/Enclosure.External.0-2:RAID.Slot.5-1/Sensors/TempSensor.Chassis.5"
        },
        {
            "Reading": 48.0,
            "DataSourceUri": "/redfish/v1/Chassis/Enclosure.External.0-2:RAID.Slot.5-1/Sensors/TempSensor.Chassis.6"
        },
        {
            "Reading": 30.0,
            "DataSourceUri": "/redfish/v1/Chassis/Enclosure.External.0-2:RAID.Slot.5-1/Sensors/TempSensor.Chassis.7"
        },
        {
            "Reading": 43.0,
            "DataSourceUri": "/redfish/v1/Chassis/Enclosure.External.0-2:RAID.Slot.5-1/Sensors/TempSensor.PSU-B.1"
        },
        {
            "Reading": 45.0,
            "DataSourceUri": "/redfish/v1/Chassis/Enclosure.External.0-2:RAID.Slot.5-1/Sensors/TempSensor.PSU-B.2"
        },
        {
            "Reading": 47.0,
            "DataSourceUri": "/redfish/v1/Chassis/Enclosure.External.0-2:RAID.Slot.5-1/Sensors/TempSensor.PSU-B.3"
        },
        {
            "Reading": 44.0,
            "DataSourceUri": "/redfish/v1/Chassis/Enclosure.External.0-2:RAID.Slot.5-1/Sensors/TempSensor.PSU-A.1"
        },
        {
            "Reading": 45.0,
            "DataSourceUri": "/redfish/v1/Chassis/Enclosure.External.0-2:RAID.Slot.5-1/Sensors/TempSensor.PSU-A.2"
        },
        {
            "Reading": 0.0,
            "DataSourceUri": "/redfish/v1/Chassis/Enclosure.External.0-2:RAID.Slot.5-1/Sensors/TempSensor.PSU-A.3"
        },
        {
            "Reading": 67.0,
            "DataSourceUri": "/redfish/v1/Chassis/Enclosure.External.0-2:RAID.Slot.5-1/Sensors/TempSensor.LCC-B.1"
        },
        {
            "Reading": 41.0,
            "DataSourceUri": "/redfish/v1/Chassis/Enclosure.External.0-2:RAID.Slot.5-1/Sensors/TempSensor.LCC-B.2"
        },
        {
            "Reading": 42.0,
            "DataSourceUri": "/redfish/v1/Chassis/Enclosure.External.0-2:RAID.Slot.5-1/Sensors/TempSensor.LCC-B.3"
        }
    ],
    "TemperatureReadingsCelsius@odata.count": 19
}