{
    "@odata.context": "/redfish/v1/$metadata#DellNIC.DellNIC",
    "@odata.id": "/redfish/v1/Chassis/System.Embedded.1/NetworkAdapters/NIC.Slot.4/NetworkDeviceFunctions/NIC.Slot.4-1-1/Oem/Dell/DellNIC/NIC.Slot.4-1-1",
    "@odata.type": "#DellNIC.v1_7_0.DellNIC",
    "BusNumber": 154,
    "CableLengthMetres": null,
    "ControllerBIOSVersion": null,
    "DataBusWidth": "8XOrX8",
    "Description": "An instance of DellNIC will have NIC device specific data.",
    "DeviceDescription": "NIC in Slot 4 Port 1 Partition 1",
    "EFIVersion": "4.1.05",
    "FCOSDriverVersion": null,
    "FCoEOSDriverVersion": null,
    "FCoEOffloadMode": "Unknown",
    "FQDD": "NIC.Slot.4-1-1",
    "FamilyVersion": "22.5.7",
    "ISCSIOSDriverVersion": null,
    "Id": "NIC.Slot.4-1-1",
    "IdentifierType": null,
    "InstanceID": "NIC.Slot.4-1-1",
    "LANDriverVersion": null,
    "LastSystemInventoryTime": "2024-02-13T10:07:02+00:00",
    "LastUpdateTime": "2024-01-23T07:25:54+00:00",
    "LinkDuplex": "Unknown",
    "MaxBandwidthPercent": 0,
    "MediaType": "SFF_CAGE",
    "MinBandwidthPercent": 0,
    "Name": "DellNIC",
    "NicMode": "Unknown",
    "PCIDeviceID": "159b",
    "PCISubDeviceID": "0002",
    "PCISubVendorID": "8086",
    "PCIVendorID": "8086",
    "PartNumber": "0CD16M",
    "PermanentFCOEMACAddress": null,
    "PermanentFIPAddress": null,
    "PermanentiSCSIMACAddress": null,
    "ProductName": "Intel(R) Ethernet 25G 2P E810-XXV Adapter - B4:83:51:0A:D1:84",
    "Protocol": "NIC,RDMA",
    "RDMAOSDriverVersion": null,
    "Revision": null,
    "SNAPIState": "Disabled",
    "SNAPISupport": "NotAvailable",
    "SerialNumber": "MYFLMIT33T02GG",
    "SlotLength": "ShortLength",
    "SlotType": "PCIExpressGen4",
    "TransceiverPartNumber": null,
    "TransceiverSerialNumber": null,
    "TransceiverVendorName": null,
    "VPISupport": "NotAvailable",
    "VendorName": "Intel Corp",
    "VirtualFIPAddress": null,
    "VirtualISCSIAddress": null,
    "iScsiOffloadMode": "Unknown"
}