{
    "@odata.context": "/redfish/v1/$metadata#FanCollection.FanCollection",
    "@odata.id": "/redfish/v1/Chassis/Enclosure.External.0-1_RAID.Slot.5-1/ThermalSubsystem/Fans",
    "@odata.type": "#FanCollection.FanCollection",
    "Description": "Collection of Fan",
    "Members": [
        {
            "@odata.id": "/redfish/v1/Chassis/Enclosure.External.0-1_RAID.Slot.5-1/ThermalSubsystem/Fans/Fan.LCC-A.1"
        },
        {
            "@odata.id": "/redfish/v1/Chassis/Enclosure.External.0-1_RAID.Slot.5-1/ThermalSubsystem/Fans/Fan.LCC-A.2"
        },
        {
            "@odata.id": "/redfish/v1/Chassis/Enclosure.External.0-1_RAID.Slot.5-1/ThermalSubsystem/Fans/Fan.LCC-A.3"
        },
        {
            "@odata.id": "/redfish/v1/Chassis/Enclosure.External.0-1_RAID.Slot.5-1/ThermalSubsystem/Fans/Fan.LCC-B.1"
        },
        {
            "@odata.id": "/redfish/v1/Chassis/Enclosure.External.0-1_RAID.Slot.5-1/ThermalSubsystem/Fans/Fan.LCC-B.2"
        },
        {
            "@odata.id": "/redfish/v1/Chassis/Enclosure.External.0-1_RAID.Slot.5-1/ThermalSubsystem/Fans/Fan.LCC-B.3"
        }
    ],
    "Members@odata.count": 6,
    "Name": "Fan Collection"
}