{
    "@odata.context": "/redfish/v1/$metadata#DellEnclosurePowerSupply.DellEnclosurePowerSupply",
    "@odata.id": "/redfish/v1/Chassis/Enclosure.External.0-1_RAID.Slot.5-1/Power/Oem/Dell/DellEnclosurePowerSupply/PSU.Slot.B_Enclosure.External.0-1_RAID.Slot.5-1",
    "@odata.type": "#DellEnclosurePowerSupply.v1_0_0.DellEnclosurePowerSupply",
    "Description": "An instance of DellEnclosurePowerSupply will have Storage Enclosure power supply unit specific data.",
    "FQDD": "PSU.Slot.B:Enclosure.External.0-1:RAID.Slot.5-1",
    "Id": "PSU.Slot.B:Enclosure.External.0-1:RAID.Slot.5-1",
    "Name": "DellEnclosurePowerSupply",
    "PartNumber": "04H60R",
    "PrimaryStatus": "OK"
}