{
    "@odata.context": "/redfish/v1/$metadata#SensorCollection.SensorCollection",
    "@odata.id": "/redfish/v1/Chassis/Enclosure.External.0-2_RAID.Slot.5-1/Sensors",
    "@odata.type": "#SensorCollection.SensorCollection",
    "Description": "Collection of Sensors",
    "Members": [
        {
            "@odata.id": "/redfish/v1/Chassis/Enclosure.External.0-2_RAID.Slot.5-1/Sensors/Fan.LCC-A.1"
        },
        {
            "@odata.id": "/redfish/v1/Chassis/Enclosure.External.0-2_RAID.Slot.5-1/Sensors/Fan.LCC-A.2"
        },
        {
            "@odata.id": "/redfish/v1/Chassis/Enclosure.External.0-2_RAID.Slot.5-1/Sensors/Fan.LCC-A.3"
        },
        {
            "@odata.id": "/redfish/v1/Chassis/Enclosure.External.0-2_RAID.Slot.5-1/Sensors/Fan.LCC-B.1"
        },
        {
            "@odata.id": "/redfish/v1/Chassis/Enclosure.External.0-2_RAID.Slot.5-1/Sensors/Fan.LCC-B.2"
        },
        {
            "@odata.id": "/redfish/v1/Chassis/Enclosure.External.0-2_RAID.Slot.5-1/Sensors/Fan.LCC-B.3"
        },
        {
            "@odata.id": "/redfish/v1/Chassis/Enclosure.External.0-2_RAID.Slot.5-1/Sensors/TempSensor.Chassis.1"
        },
        {
            "@odata.id": "/redfish/v1/Chassis/Enclosure.External.0-2_RAID.Slot.5-1/Sensors/TempSensor.Chassis.2"
        },
        {
            "@odata.id": "/redfish/v1/Chassis/Enclosure.External.0-2_RAID.Slot.5-1/Sensors/TempSensor.Chassis.3"
        },
        {
            "@odata.id": "/redfish/v1/Chassis/Enclosure.External.0-2_RAID.Slot.5-1/Sensors/TempSensor.Chassis.4"
        },
        {
            "@odata.id": "/redfish/v1/Chassis/Enclosure.External.0-2_RAID.Slot.5-1/Sensors/TempSensor.Chassis.5"
        },
        {
            "@odata.id": "/redfish/v1/Chassis/Enclosure.External.0-2_RAID.Slot.5-1/Sensors/TempSensor.Chassis.6"
        },
        {
            "@odata.id": "/redfish/v1/Chassis/Enclosure.External.0-2_RAID.Slot.5-1/Sensors/TempSensor.Chassis.7"
        },
        {
            "@odata.id": "/redfish/v1/Chassis/Enclosure.External.0-2_RAID.Slot.5-1/Sensors/TempSensor.LCC-A.1"
        },
        {
            "@odata.id": "/redfish/v1/Chassis/Enclosure.External.0-2_RAID.Slot.5-1/Sensors/TempSensor.LCC-A.2"
        },
        {
            "@odata.id": "/redfish/v1/Chassis/Enclosure.External.0-2_RAID.Slot.5-1/Sensors/TempSensor.LCC-A.3"
        },
        {
            "@odata.id": "/redfish/v1/Chassis/Enclosure.External.0-2_RAID.Slot.5-1/Sensors/TempSensor.LCC-B.1"
        },
        {
            "@odata.id": "/redfish/v1/Chassis/Enclosure.External.0-2_RAID.Slot.5-1/Sensors/TempSensor.LCC-B.2"
        },
        {
            "@odata.id": "/redfish/v1/Chassis/Enclosure.External.0-2_RAID.Slot.5-1/Sensors/TempSensor.LCC-B.3"
        },
        {
            "@odata.id": "/redfish/v1/Chassis/Enclosure.External.0-2_RAID.Slot.5-1/Sensors/TempSensor.PSU-A.1"
        },
        {
            "@odata.id": "/redfish/v1/Chassis/Enclosure.External.0-2_RAID.Slot.5-1/Sensors/TempSensor.PSU-A.2"
        },
        {
            "@odata.id": "/redfish/v1/Chassis/Enclosure.External.0-2_RAID.Slot.5-1/Sensors/TempSensor.PSU-A.3"
        },
        {
            "@odata.id": "/redfish/v1/Chassis/Enclosure.External.0-2_RAID.Slot.5-1/Sensors/TempSensor.PSU-B.1"
        },
        {
            "@odata.id": "/redfish/v1/Chassis/Enclosure.External.0-2_RAID.Slot.5-1/Sensors/TempSensor.PSU-B.2"
        },
        {
            "@odata.id": "/redfish/v1/Chassis/Enclosure.External.0-2_RAID.Slot.5-1/Sensors/TempSensor.PSU-B.3"
        }
    ],
    "Members@odata.count": 25,
    "Name": "SensorCollection"
}