{
    "@Redfish.Settings": {
        "@odata.context": "/redfish/v1/$metadata#Settings.Settings",
        "@odata.type": "#Settings.v1_3_5.Settings",
        "SettingsObject": {
            "@odata.id": "/redfish/v1/Chassis/System.Embedded.1/NetworkAdapters/NIC.Integrated.1/NetworkDeviceFunctions/NIC.Integrated.1-2-1/Oem/Dell/DellNetworkAttributes/NIC.Integrated.1-2-1/Settings"
        },
        "SupportedApplyTimes": [
            "Immediate",
            "AtMaintenanceWindowStart",
            "OnReset",
            "InMaintenanceWindowOnReset"
        ]
    },
    "@odata.context": "/redfish/v1/$metadata#DellAttributes.DellAttributes",
    "@odata.id": "/redfish/v1/Chassis/System.Embedded.1/NetworkAdapters/NIC.Integrated.1/NetworkDeviceFunctions/NIC.Integrated.1-2-1/Oem/Dell/DellNetworkAttributes/NIC.Integrated.1-2-1",
    "@odata.type": "#DellAttributes.v1_0_0.DellAttributes",
    "AttributeRegistry": "NetworkAttributeRegistry_NIC.Integrated.1-2-1",
    "Attributes": {
        "PXEBootSupport": "Available",
        "iSCSIBootSupport": "Unavailable",
        "FCoEBootSupport": "Unavailable",
        "NicPartitioningSupport": "Unavailable",
        "FlexAddressing": "Available",
        "TOESupport": "Unavailable",
        "iSCSIOffloadSupport": "Unavailable",
        "iSCSIDualIPVersionSupport": "Unavailable",
        "OnChipThermalSensor": "Available",
        "NWManagementPassThrough": "Available",
        "EnergyEfficientEthernet": "Unavailable",
        "OSBMCManagementPassThrough": "Available",
        "DCBXSupport": "Available",
        "FCoEOffloadSupport": "Unavailable",
        "RXFlowControl": "Unavailable",
        "TXFlowControl": "Unavailable",
        "TXBandwidthControlMaximum": "Unavailable",
        "TXBandwidthControlMinimum": "Unavailable",
        "INTEL_AdapterPBA": "K72721-008",
        "DeviceName": "Intel(R) Ethernet 25G 2P E810-XXV OCP",
        "ChipMdl": "Intel E810-XXV",
        "PCIDeviceID": "159B",
        "BusDeviceFunction": "1F:00:01",
        "MacAddr": "B4:83:51:0B:99:91",
        "VirtMacAddr": "00:00:00:00:00:00",
        "SRIOVSupport": "Available",
        "RDMASupport": "Available",
        "EnhancedTransmissionSelection": "Available",
        "PriorityFlowControl": "Available",
        "CongestionNotification": "Available",
        "FRUserialNum": "              ",
        "FRUdpnRev": "          ",
        "FRUprodName": "                                ",
        "FRUmfgDateTime": "000000",
        "FamilyVersion": "22.5.7",
        "EFIVersion": "4.1.05",
        "BlnkLeds": 0,
        "NumberVFSupported": 256,
        "VFAllocMult": 1,
        "VLanId": 0,
        "NumberVFAdvertised": 128,
        "INTEL_MinSrev": 2,
        "LinkStatus": "Disconnected",
        "MediaDetection": "Disabled",
        "ForwardErrorCorrection": "Auto",
        "NoFECinAuto": "Disabled",
        "PermitTotalPortShutdown": "Disabled",
        "RDMANICModeOnPort": "Enabled",
        "INTEL_TxBalancing": "Disabled",
        "VFAllocBasis": "Device",
        "VirtualizationMode": "NONE",
        "RDMAProtocolSupport": "iWARP+RoCE",
        "LegacyBootProto": "NONE",
        "WakeOnLan": "Enabled",
        "INTEL_LLDPAgent": "Disabled",
        "LnkSpeedMethod": "Auto",
        "1Gbps": "Enabled",
        "10Gbps": "Enabled",
        "25Gbps": "Enabled"
    },
    "Description": "DellNetworkAttributes represents the Network device attribute details.",
    "Id": "NIC.Integrated.1-2-1",
    "Name": "DellNetworkAttributes"
}