{
    "@odata.context": "/redfish/v1/$metadata#Sensor.Sensor",
    "@odata.id": "/redfish/v1/Chassis/Enclosure.External.0-2_RAID.Slot.5-1/Sensors/TempSensor.Chassis.2",
    "@odata.type": "#Sensor.v1_7_0.Sensor",
    "Name": "Virtual Ambient Tempmon",
    "Id": "TempSensor.Chassis.2",
    "Description": "Temperature Sensor 2 in Chassis in Enclosure 2 on Connector 0 of Storage Controller in Slot 5",
    "Reading": 30.0,
    "ReadingType": "Temperature",
    "ReadingUnits": "Cel",
    "Status": {
        "Health": "OK",
        "State": "Enabled"
    },
    "PhysicalContext": "Chassis",
    "Thresholds": {
        "UpperCritical": {
            "Reading": 63
        },
        "UpperCaution": {
            "Reading": -20
        },
        "LowerCaution": {
            "Reading": -20
        },
        "LowerCritical": {
            "Reading": -20
        }
    }
}