{
    "@odata.context": "/redfish/v1/$metadata#Port.Port",
    "@odata.id": "/redfish/v1/Chassis/System.Embedded.1/NetworkAdapters/NIC.Slot.4/Ports/NIC.Slot.4-1",
    "@odata.type": "#Port.v1_9_0.Port",
    "LinkNetworkTechnology": "Ethernet",
    "CurrentSpeedGbps": 0,
    "Description": "Instance of Port for NIC",
    "Ethernet": {
        "AssociatedMACAddresses": [
            "B4:83:51:0A:D1:84"
        ],
        "EEEEnabled": null,
        "FlowControlConfiguration": "None",
        "FlowControlStatus": "None",
        "LLDPReceive": {},
        "WakeOnLANEnabled": null
    },
    "LinkConfiguration": [
        {
            "AutoSpeedNegotiationCapable": true,
            "AutoSpeedNegotiationEnabled": true
        }
    ],
    "FunctionMaxBandwidth": [
        {
            "AllocationPercent": null,
            "NetworkDeviceFunction": {
                "@odata.id": "/redfish/v1/Chassis/System.Embedded.1/NetworkAdapters/NIC.Slot.4/NetworkDeviceFunctions/NIC.Slot.4-1-1"
            }
        }
    ],
    "FunctionMinBandwidth": [
        {
            "AllocationPercent": null,
            "NetworkDeviceFunction": {
                "@odata.id": "/redfish/v1/Chassis/System.Embedded.1/NetworkAdapters/NIC.Slot.4/NetworkDeviceFunctions/NIC.Slot.4-1-1"
            }
        }
    ],
    "Id": "NIC.Slot.4-1",
    "LinkStatus": "LinkDown",
    "Metrics": {
        "@odata.id": "/redfish/v1/Chassis/System.Embedded.1/NetworkAdapters/NIC.Slot.4/Ports/NIC.Slot.4-1/Metrics"
    },
    "PortId": "1",
    "Status": {
        "State": "Enabled",
        "Health": "OK",
        "HealthRollup": "OK"
    },
    "Name": "Network Inteface Card(NIC) Port View"
}