{
    "@odata.context": "/redfish/v1/$metadata#PCIeFunction.PCIeFunction",
    "@odata.etag": "\"1707829992\"",
    "@odata.type": "#PCIeFunction.v1_5_0.PCIeFunction",
    "@odata.id": "/redfish/v1/Chassis/System.Embedded.1/PCIeDevices/153-0/PCIeFunctions/153-0-0",
    "ClassCode": "0x010400",
    "Description": "PERC H965e Adapter",
    "DeviceClass": "MassStorageController",
    "DeviceId": "0x00a5",
    "Enabled": true,
    "FunctionId": 0,
    "FunctionType": "Physical",
    "Id": "153-0-0",
    "Links": {
        "StorageControllers": [
            {
                "@odata.id": "/redfish/v1/Systems/System.Embedded.1/Storage/RAID.Slot.5-1#/StorageControllers/0"
            }
        ],
        "StorageControllers@odata.count": 1,
        "Drives": [
            {
                "@odata.id": "/redfish/v1/Systems/System.Embedded.1/Storage/RAID.Slot.5-1/Drives/Disk.Bay.0_Enclosure.External.0-0_RAID.Slot.5-1"
            },
            {
                "@odata.id": "/redfish/v1/Systems/System.Embedded.1/Storage/RAID.Slot.5-1/Drives/Disk.Bay.0_Enclosure.External.0-1_RAID.Slot.5-1"
            },
            {
                "@odata.id": "/redfish/v1/Systems/System.Embedded.1/Storage/RAID.Slot.5-1/Drives/Disk.Bay.0_Enclosure.External.0-2_RAID.Slot.5-1"
            },
            {
                "@odata.id": "/redfish/v1/Systems/System.Embedded.1/Storage/RAID.Slot.5-1/Drives/Disk.Bay.0_Enclosure.External.0-3_RAID.Slot.5-1"
            },
            {
                "@odata.id": "/redfish/v1/Systems/System.Embedded.1/Storage/RAID.Slot.5-1/Drives/Disk.Bay.10_Enclosure.External.0-0_RAID.Slot.5-1"
            },
            {
                "@odata.id": "/redfish/v1/Systems/System.Embedded.1/Storage/RAID.Slot.5-1/Drives/Disk.Bay.10_Enclosure.External.0-1_RAID.Slot.5-1"
            },
            {
                "@odata.id": "/redfish/v1/Systems/System.Embedded.1/Storage/RAID.Slot.5-1/Drives/Disk.Bay.10_Enclosure.External.0-2_RAID.Slot.5-1"
            },
            {
                "@odata.id": "/redfish/v1/Systems/System.Embedded.1/Storage/RAID.Slot.5-1/Drives/Disk.Bay.10_Enclosure.External.0-3_RAID.Slot.5-1"
            },
            {
                "@odata.id": "/redfish/v1/Systems/System.Embedded.1/Storage/RAID.Slot.5-1/Drives/Disk.Bay.11_Enclosure.External.0-0_RAID.Slot.5-1"
            },
            {
                "@odata.id": "/redfish/v1/Systems/System.Embedded.1/Storage/RAID.Slot.5-1/Drives/Disk.Bay.11_Enclosure.External.0-1_RAID.Slot.5-1"
            },
            {
                "@odata.id": "/redfish/v1/Systems/System.Embedded.1/Storage/RAID.Slot.5-1/Drives/Disk.Bay.11_Enclosure.External.0-2_RAID.Slot.5-1"
            },
            {
                "@odata.id": "/redfish/v1/Systems/System.Embedded.1/Storage/RAID.Slot.5-1/Drives/Disk.Bay.11_Enclosure.External.0-3_RAID.Slot.5-1"
            },
            {
                "@odata.id": "/redfish/v1/Systems/System.Embedded.1/Storage/RAID.Slot.5-1/Drives/Disk.Bay.1_Enclosure.External.0-0_RAID.Slot.5-1"
            },
            {
                "@odata.id": "/redfish/v1/Systems/System.Embedded.1/Storage/RAID.Slot.5-1/Drives/Disk.Bay.1_Enclosure.External.0-1_RAID.Slot.5-1"
            },
            {
                "@odata.id": "/redfish/v1/Systems/System.Embedded.1/Storage/RAID.Slot.5-1/Drives/Disk.Bay.1_Enclosure.External.0-2_RAID.Slot.5-1"
            },
            {
                "@odata.id": "/redfish/v1/Systems/System.Embedded.1/Storage/RAID.Slot.5-1/Drives/Disk.Bay.1_Enclosure.External.0-3_RAID.Slot.5-1"
            },
            {
                "@odata.id": "/redfish/v1/Systems/System.Embedded.1/Storage/RAID.Slot.5-1/Drives/Disk.Bay.2_Enclosure.External.0-0_RAID.Slot.5-1"
            },
            {
                "@odata.id": "/redfish/v1/Systems/System.Embedded.1/Storage/RAID.Slot.5-1/Drives/Disk.Bay.2_Enclosure.External.0-1_RAID.Slot.5-1"
            },
            {
                "@odata.id": "/redfish/v1/Systems/System.Embedded.1/Storage/RAID.Slot.5-1/Drives/Disk.Bay.2_Enclosure.External.0-2_RAID.Slot.5-1"
            },
            {
                "@odata.id": "/redfish/v1/Systems/System.Embedded.1/Storage/RAID.Slot.5-1/Drives/Disk.Bay.2_Enclosure.External.0-3_RAID.Slot.5-1"
            },
            {
                "@odata.id": "/redfish/v1/Systems/System.Embedded.1/Storage/RAID.Slot.5-1/Drives/Disk.Bay.3_Enclosure.External.0-0_RAID.Slot.5-1"
            },
            {
                "@odata.id": "/redfish/v1/Systems/System.Embedded.1/Storage/RAID.Slot.5-1/Drives/Disk.Bay.3_Enclosure.External.0-1_RAID.Slot.5-1"
            },
            {
                "@odata.id": "/redfish/v1/Systems/System.Embedded.1/Storage/RAID.Slot.5-1/Drives/Disk.Bay.3_Enclosure.External.0-2_RAID.Slot.5-1"
            },
            {
                "@odata.id": "/redfish/v1/Systems/System.Embedded.1/Storage/RAID.Slot.5-1/Drives/Disk.Bay.3_Enclosure.External.0-3_RAID.Slot.5-1"
            },
            {
                "@odata.id": "/redfish/v1/Systems/System.Embedded.1/Storage/RAID.Slot.5-1/Drives/Disk.Bay.4_Enclosure.External.0-0_RAID.Slot.5-1"
            },
            {
                "@odata.id": "/redfish/v1/Systems/System.Embedded.1/Storage/RAID.Slot.5-1/Drives/Disk.Bay.4_Enclosure.External.0-1_RAID.Slot.5-1"
            },
            {
                "@odata.id": "/redfish/v1/Systems/System.Embedded.1/Storage/RAID.Slot.5-1/Drives/Disk.Bay.4_Enclosure.External.0-2_RAID.Slot.5-1"
            },
            {
                "@odata.id": "/redfish/v1/Systems/System.Embedded.1/Storage/RAID.Slot.5-1/Drives/Disk.Bay.4_Enclosure.External.0-3_RAID.Slot.5-1"
            },
            {
                "@odata.id": "/redfish/v1/Systems/System.Embedded.1/Storage/RAID.Slot.5-1/Drives/Disk.Bay.5_Enclosure.External.0-0_RAID.Slot.5-1"
            },
            {
                "@odata.id": "/redfish/v1/Systems/System.Embedded.1/Storage/RAID.Slot.5-1/Drives/Disk.Bay.5_Enclosure.External.0-1_RAID.Slot.5-1"
            },
            {
                "@odata.id": "/redfish/v1/Systems/System.Embedded.1/Storage/RAID.Slot.5-1/Drives/Disk.Bay.5_Enclosure.External.0-2_RAID.Slot.5-1"
            },
            {
                "@odata.id": "/redfish/v1/Systems/System.Embedded.1/Storage/RAID.Slot.5-1/Drives/Disk.Bay.5_Enclosure.External.0-3_RAID.Slot.5-1"
            },
            {
                "@odata.id": "/redfish/v1/Systems/System.Embedded.1/Storage/RAID.Slot.5-1/Drives/Disk.Bay.6_Enclosure.External.0-0_RAID.Slot.5-1"
            },
            {
                "@odata.id": "/redfish/v1/Systems/System.Embedded.1/Storage/RAID.Slot.5-1/Drives/Disk.Bay.6_Enclosure.External.0-1_RAID.Slot.5-1"
            },
            {
                "@odata.id": "/redfish/v1/Systems/System.Embedded.1/Storage/RAID.Slot.5-1/Drives/Disk.Bay.6_Enclosure.External.0-2_RAID.Slot.5-1"
            },
            {
                "@odata.id": "/redfish/v1/Systems/System.Embedded.1/Storage/RAID.Slot.5-1/Drives/Disk.Bay.6_Enclosure.External.0-3_RAID.Slot.5-1"
            },
            {
                "@odata.id": "/redfish/v1/Systems/System.Embedded.1/Storage/RAID.Slot.5-1/Drives/Disk.Bay.7_Enclosure.External.0-0_RAID.Slot.5-1"
            },
            {
                "@odata.id": "/redfish/v1/Systems/System.Embedded.1/Storage/RAID.Slot.5-1/Drives/Disk.Bay.7_Enclosure.External.0-1_RAID.Slot.5-1"
            },
            {
                "@odata.id": "/redfish/v1/Systems/System.Embedded.1/Storage/RAID.Slot.5-1/Drives/Disk.Bay.7_Enclosure.External.0-2_RAID.Slot.5-1"
            },
            {
                "@odata.id": "/redfish/v1/Systems/System.Embedded.1/Storage/RAID.Slot.5-1/Drives/Disk.Bay.7_Enclosure.External.0-3_RAID.Slot.5-1"
            },
            {
                "@odata.id": "/redfish/v1/Systems/System.Embedded.1/Storage/RAID.Slot.5-1/Drives/Disk.Bay.8_Enclosure.External.0-0_RAID.Slot.5-1"
            },
            {
                "@odata.id": "/redfish/v1/Systems/System.Embedded.1/Storage/RAID.Slot.5-1/Drives/Disk.Bay.8_Enclosure.External.0-1_RAID.Slot.5-1"
            },
            {
                "@odata.id": "/redfish/v1/Systems/System.Embedded.1/Storage/RAID.Slot.5-1/Drives/Disk.Bay.8_Enclosure.External.0-2_RAID.Slot.5-1"
            },
            {
                "@odata.id": "/redfish/v1/Systems/System.Embedded.1/Storage/RAID.Slot.5-1/Drives/Disk.Bay.8_Enclosure.External.0-3_RAID.Slot.5-1"
            },
            {
                "@odata.id": "/redfish/v1/Systems/System.Embedded.1/Storage/RAID.Slot.5-1/Drives/Disk.Bay.9_Enclosure.External.0-0_RAID.Slot.5-1"
            },
            {
                "@odata.id": "/redfish/v1/Systems/System.Embedded.1/Storage/RAID.Slot.5-1/Drives/Disk.Bay.9_Enclosure.External.0-1_RAID.Slot.5-1"
            },
            {
                "@odata.id": "/redfish/v1/Systems/System.Embedded.1/Storage/RAID.Slot.5-1/Drives/Disk.Bay.9_Enclosure.External.0-2_RAID.Slot.5-1"
            },
            {
                "@odata.id": "/redfish/v1/Systems/System.Embedded.1/Storage/RAID.Slot.5-1/Drives/Disk.Bay.9_Enclosure.External.0-3_RAID.Slot.5-1"
            }
        ],
        "Drives@odata.count": 48,
        "EthernetInterfaces": [],
        "EthernetInterfaces@odata.count": 0,
        "PCIeDevice": {
            "@odata.id": "/redfish/v1/Chassis/System.Embedded.1/PCIeDevices/153-0"
        }
    },
    "Name": "PERC H965e Adapter",
    "Oem": {
        "Dell": {
            "@odata.type": "#DellChassisPCIeFunction.v1_1_0.DellPCIeFunction",
            "DellPCIeFunction": {
                "DataBusWidth": "8XOrX8",
                "LastSystemInventoryTime": "2024-02-13T13:12:56+00:00",
                "LastUpdateTime": "2024-02-13T12:12:07+00:00",
                "SlotLength": "ShortLength",
                "SlotType": "PCIExpressGen4",
                "Id": "RAID.Slot.5-1"
            }
        }
    },
    "RevisionId": "0x01",
    "Status": {
        "State": "Enabled",
        "Health": "OK",
        "HealthRollup": "OK"
    },
    "SubsystemId": "0x213a",
    "SubsystemVendorId": "0x1028",
    "VendorId": "0x1000"
}