{
    "@odata.context": "/redfish/v1/$metadata#ChassisCollection.ChassisCollection",
    "@odata.id": "/redfish/v1/Chassis",
    "@odata.type": "#ChassisCollection.ChassisCollection",
    "Description": "Collection of Chassis",
    "Members": [
        {
            "@odata.id": "/redfish/v1/Chassis/System.Embedded.1"
        },
        {
            "@odata.id": "/redfish/v1/Chassis/Enclosure.External.0-0_RAID.Slot.5-1"
        },
        {
            "@odata.id": "/redfish/v1/Chassis/Enclosure.External.0-1_RAID.Slot.5-1"
        },
        {
            "@odata.id": "/redfish/v1/Chassis/Enclosure.External.0-2_RAID.Slot.5-1"
        },
        {
            "@odata.id": "/redfish/v1/Chassis/Enclosure.External.0-3_RAID.Slot.5-1"
        },
        {
            "@odata.id": "/redfish/v1/Chassis/Enclosure.Internal.0-1_NonRAID.Slot.3-1"
        },
        {
            "@odata.id": "/redfish/v1/Chassis/Enclosure.Internal.0-1_NonRAID.SL.3-1"
        }
    ],
    "Members@odata.count": 7,
    "Name": "Chassis Collection"
}