{
    "@odata.context": "/redfish/v1/$metadata#Job.Job",
    "@odata.id": "/redfish/v1/JobService/Jobs/JID_078089513908",
    "@odata.type": "#Job.v1_2_1.Job",
    "Description": "Represent a job in Redfish",
    "Id": "JID_078089513908",
    "Name": "Config:RAID:RAID.Slot.5-1",
    "JobState": "Completed",
    "JobStatus": "Critical",
    "PercentComplete": 100,
    "StartTime": "2024-02-13T01:22:31-06:00",
    "EndTime": "2024-02-13T01:22:34-06:00",
    "Messages": [
        {
            "Message": "Failed",
            "MessageId": "IDRAC.2.9.PR21",
            "MessageArgs": [],
            "MessageArgs@odata.count": 0
        }
    ],
    "Messages@odata.count": 1
}