{
    "@odata.context": "/redfish/v1/$metadata#Sensor.Sensor",
    "@odata.id": "/redfish/v1/Chassis/Enclosure.External.0-0_RAID.Slot.5-1/Sensors/TempSensor.LCC-B.2",
    "@odata.type": "#Sensor.v1_7_0.Sensor",
    "Name": "ESM Inlet",
    "Id": "TempSensor.LCC-B.2",
    "Description": "Temperature Sensor 2 in LCC-B in Enclosure 0 on Connector 0 of Storage Controller in Slot 5",
    "Reading": 36.0,
    "ReadingType": "Temperature",
    "ReadingUnits": "Cel",
    "Status": {
        "Health": "OK",
        "State": "Enabled"
    },
    "PhysicalContext": "Chassis",
    "Thresholds": {
        "UpperCritical": {
            "Reading": 72
        },
        "UpperCaution": {
            "Reading": 70
        },
        "LowerCaution": {
            "Reading": -20
        },
        "LowerCritical": {
            "Reading": -20
        }
    }
}