{
    "@Redfish.Settings": {
        "@odata.context": "/redfish/v1/$metadata#Settings.Settings",
        "@odata.type": "#Settings.v1_3_5.Settings",
        "SettingsObject": {
            "@odata.id": "/redfish/v1/Systems/System.Embedded.1/NetworkAdapters/NIC.Slot.6/NetworkDeviceFunctions/NIC.Slot.6-2-1/Settings"
        },
        "SupportedApplyTimes": [
            "OnReset",
            "AtMaintenanceWindowStart",
            "InMaintenanceWindowOnReset"
        ]
    },
    "@odata.context": "/redfish/v1/$metadata#NetworkDeviceFunction.NetworkDeviceFunction",
    "@odata.id": "/redfish/v1/Chassis/System.Embedded.1/NetworkAdapters/NIC.Slot.6/NetworkDeviceFunctions/NIC.Slot.6-2-1",
    "@odata.type": "#NetworkDeviceFunction.v1_9_0.NetworkDeviceFunction",
    "AssignablePhysicalPorts": [
        {
            "@odata.id": "/redfish/v1/Chassis/System.Embedded.1/NetworkAdapters/NIC.Slot.6/NetworkPorts/NIC.Slot.6-2"
        }
    ],
    "AssignablePhysicalPorts@odata.count": 1,
    "AssignablePhysicalNetworkPorts": [
        {
            "@odata.id": "/redfish/v1/Chassis/System.Embedded.1/NetworkAdapters/NIC.Slot.6/Ports/NIC.Slot.6-2"
        }
    ],
    "Description": "NetworkDeviceFunction",
    "Ethernet": {
        "MACAddress": "84:16:0C:E7:8F:01",
        "MTUSize": null,
        "PermanentMACAddress": "84:16:0C:E7:8F:01",
        "VLAN": {
            "VLANEnable": false,
            "VLANId": 1
        }
    },
    "FibreChannel": {
        "BootTargets": [
            {
                "LUNID": null,
                "WWPN": null
            }
        ],
        "BootTargets@odata.count": 1,
        "FCoEActiveVLANId": null,
        "FCoELocalVLANId": null,
        "PermanentWWNN": null,
        "PermanentWWPN": null,
        "WWNN": null,
        "WWNSource": null,
        "WWPN": null
    },
    "Id": "NIC.Slot.6-2-1",
    "Links": {
        "PhysicalPortAssignment": {
            "@odata.id": "/redfish/v1/Chassis/System.Embedded.1/NetworkAdapters/NIC.Slot.6/NetworkPorts/NIC.Slot.6-2"
        },
        "PhysicalNetworkPortAssignment": {
            "@odata.id": "/redfish/v1/Chassis/System.Embedded.1/NetworkAdapters/NIC.Slot.6/Ports/NIC.Slot.6-2"
        },
        "Oem": {
            "Dell": {
                "@odata.type": "#DellOem.v1_3_0.DellOemLinks",
                "DellNetworkAttributes": {
                    "@odata.id": "/redfish/v1/Chassis/System.Embedded.1/NetworkAdapters/NIC.Slot.6/NetworkDeviceFunctions/NIC.Slot.6-2-1/Oem/Dell/DellNetworkAttributes/NIC.Slot.6-2-1"
                },
                "CPUAffinity": [
                    {
                        "@odata.id": "/redfish/v1/Systems/System.Embedded.1/Processors/CPU.Socket.2"
                    }
                ],
                "CPUAffinity@odata.count": 1
            }
        }
    },
    "MaxVirtualFunctions": 64,
    "Name": "NetworkDeviceFunction",
    "NetDevFuncCapabilities": [
        "Disabled",
        "Ethernet"
    ],
    "NetDevFuncCapabilities@odata.count": 2,
    "NetDevFuncType": "Ethernet",
    "Oem": {
        "Dell": {
            "@odata.type": "#DellOem.v1_3_0.DellOemResources",
            "DellNIC": {
                "BusNumber": 138,
                "CableLengthMetres": null,
                "ControllerBIOSVersion": "227.0.134.0",
                "DataBusWidth": "16XOrX16",
                "DeviceDescription": "NIC in Slot 6 Port 2 Partition 1",
                "EFIVersion": "227.0.134.3",
                "FCOSDriverVersion": null,
                "FCoEOSDriverVersion": null,
                "FCoEOffloadMode": "Unknown",
                "FQDD": "NIC.Slot.6-2-1",
                "FamilyVersion": "22.71.11.13",
                "Id": "NIC.Slot.6-2-1",
                "ISCSIOSDriverVersion": null,
                "IdentifierType": null,
                "InstanceID": "NIC.Slot.6-2-1",
                "LANDriverVersion": "227.0.134 ",
                "LastSystemInventoryTime": "2024-02-13T10:07:02+00:00",
                "LastUpdateTime": "2024-01-08T04:24:56+00:00",
                "LinkDuplex": "Unknown",
                "MaxBandwidthPercent": 100,
                "MediaType": "SFF_CAGE",
                "MinBandwidthPercent": 0,
                "Name": "DellNIC",
                "NicMode": "Enabled",
                "PCIDeviceID": "16d7",
                "PCISubDeviceID": "4141",
                "PCISubVendorID": "14e4",
                "PCIVendorID": "14e4",
                "PartNumber": "002MT0",
                "PermanentFCOEMACAddress": null,
                "PermanentFIPAddress": null,
                "PermanentiSCSIMACAddress": null,
                "ProductName": "Broadcom Adv. Dual 25Gb Ethernet - 84:16:0C:E7:8F:01",
                "Protocol": "NIC",
                "RDMAOSDriverVersion": null,
                "Revision": null,
                "SNAPIState": "Disabled",
                "SNAPISupport": "NotAvailable",
                "SerialNumber": "VNFCVBA27502PV",
                "SlotLength": "ShortLength",
                "SlotType": "PCIExpressGen4",
                "TransceiverPartNumber": null,
                "TransceiverSerialNumber": null,
                "TransceiverVendorName": null,
                "VPISupport": "NotAvailable",
                "VendorName": "Broadcom Corp",
                "VirtualFIPAddress": null,
                "VirtualISCSIAddress": null,
                "iScsiOffloadMode": "Unknown",
                "@odata.context": "/redfish/v1/$metadata#DellNIC.DellNIC",
                "@odata.type": "#DellNIC.v1_7_0.DellNIC",
                "@odata.id": "/redfish/v1/Chassis/System.Embedded.1/NetworkAdapters/NIC.Slot.6/NetworkDeviceFunctions/NIC.Slot.6-2-1/Oem/Dell/DellNIC/NIC.Slot.6-2-1"
            },
            "DellNICPortMetrics": {
                "DiscardedPkts": 0,
                "FCCRCErrorCount": null,
                "FCOELinkFailures": null,
                "FCOEPktRxCount": null,
                "FCOEPktTxCount": null,
                "FCOERxPktDroppedCount": null,
                "FQDD": "NIC.Slot.6-2-1",
                "Id": "NIC.Slot.6-2-1",
                "LanFCSRxErrors": null,
                "LanUnicastPktRXCount": 0,
                "LanUnicastPktTXCount": 0,
                "Name": "DellNICPortMetrics",
                "OSDriverState": "Operational",
                "PartitionLinkStatus": "Down",
                "PartitionOSDriverState": "Operational",
                "RDMARxTotalBytes": null,
                "RDMARxTotalPackets": null,
                "RDMATotalProtectionErrors": null,
                "RDMATotalProtocolErrors": null,
                "RDMATxTotalBytes": null,
                "RDMATxTotalPackets": null,
                "RDMATxTotalReadReqPkts": null,
                "RDMATxTotalSendPkts": null,
                "RDMATxTotalWritePkts": null,
                "RXInputPowermW": null,
                "RXInputPowerStatus": null,
                "RxBroadcast": 0,
                "RxBytes": 0,
                "RxErrorPktAlignmentErrors": 0,
                "RxErrorPktFCSErrors": 0,
                "RxFalseCarrierDetection": 0,
                "RxJabberPkt": 0,
                "RxMutlicastPackets": 0,
                "RxPauseXOFFFrames": 0,
                "RxPauseXONFrames": null,
                "RxRuntPkt": 0,
                "RxUnicastPackets": 0,
                "StartStatisticTime": "2024-02-13T06:14:21-06:00",
                "StatisticTime": "2024-02-13T08:37:53-06:00",
                "TXBiasCurrentmA": null,
                "TXBiasCurrentStatus": null,
                "TXOutputPowermW": null,
                "TXOutputPowerStatus": null,
                "TemperatureCelsius": null,
                "TemperatureStatus": null,
                "TxBroadcast": 0,
                "TxBytes": 0,
                "TxErrorPktExcessiveCollision": 0,
                "TxErrorPktLateCollision": 0,
                "TxErrorPktMultipleCollision": 0,
                "TxErrorPktSingleCollision": 0,
                "TxMutlicastPackets": 0,
                "TxPauseXOFFFrames": 0,
                "TxPauseXONFrames": null,
                "TxUnicastPackets": 0,
                "VoltageStatus": null,
                "VoltageValueVolts": null,
                "@odata.context": "/redfish/v1/$metadata#DellNICPortMetrics.DellNICPortMetrics",
                "@odata.type": "#DellNICPortMetrics.v1_1_1.DellNICPortMetrics",
                "@odata.id": "/redfish/v1/Chassis/System.Embedded.1/NetworkAdapters/NIC.Slot.6/NetworkDeviceFunctions/NIC.Slot.6-2-1/Oem/Dell/DellNICPortMetrics/NIC.Slot.6-2-1"
            },
            "DellNICCapabilities": {
                "BPESupport": "NotSupported",
                "CongestionNotification": "NotSupported",
                "DCBExchangeProtocol": "Supported",
                "ETS": "Supported",
                "EVBModesSupport": "NotSupported",
                "FCoEBootSupport": "NotSupported",
                "FCoEMaxIOsPerSession": 0,
                "FCoEMaxNPIVPerPort": 0,
                "FCoEMaxNumberExchanges": 0,
                "FCoEMaxNumberLogins": 0,
                "FCoEMaxNumberOfFCTargets": 0,
                "FCoEMaxNumberOutStandingCommands": 0,
                "FCoEOffloadSupport": "NotSupported",
                "FeatureLicensingSupport": "NotSupported",
                "FlexAddressingSupport": "Supported",
                "Id": "NIC.Slot.6-2-1",
                "IPSecOffloadSupport": "NotSupported",
                "MACSecSupport": "NotSupported",
                "Name": "DellNICCapabilities",
                "NicPartitioningSupport": "Supported",
                "NWManagementPassThrough": "NotSupported",
                "OSBMCManagementPassThrough": "NotSupported",
                "OnChipThermalSensor": "Supported",
                "OpenFlowSupport": "NotSupported",
                "PXEBootSupport": "Supported",
                "PartitionWOLSupport": "NotSupported",
                "PersistencePolicySupport": "Supported",
                "PriorityFlowControl": "Supported",
                "RDMASupport": "Supported",
                "RemotePHY": "NotSupported",
                "TCPChimneySupport": "NotSupported",
                "TCPOffloadEngineSupport": "NotSupported",
                "VEB": "Supported",
                "VEBVEPAMultiChannel": "NotSupported",
                "VEBVEPASingleChannel": "Supported",
                "VirtualLinkControl": "NotSupported",
                "iSCSIBootSupport": "NotSupported",
                "iSCSIOffloadSupport": "NotSupported",
                "uEFISupport": "Supported",
                "@odata.context": "/redfish/v1/$metadata#DellNICCapabilities.DellNICCapabilities",
                "@odata.type": "#DellNICCapabilities.v1_2_0.DellNICCapabilities",
                "@odata.id": "/redfish/v1/Chassis/System.Embedded.1/NetworkAdapters/NIC.Slot.6/NetworkDeviceFunctions/NIC.Slot.6-2-1/Oem/Dell/DellNICCapabilities/NIC.Slot.6-2-1"
            }
        }
    },
    "PhysicalPortAssignment": {
        "@odata.id": "/redfish/v1/Chassis/System.Embedded.1/NetworkAdapters/NIC.Slot.6/NetworkPorts/NIC.Slot.6-2"
    },
    "PhysicalPortAssignment@Redfish.Deprecated": "This property has been deprecated and moved to the Links property to avoid loops on expand.",
    "Status": {
        "State": "Disabled",
        "Health": "OK",
        "HealthRollup": "OK"
    },
    "iSCSIBoot": {}
}