{
    "@odata.context": "/redfish/v1/$metadata#DellNIC.DellNIC",
    "@odata.id": "/redfish/v1/Chassis/System.Embedded.1/NetworkAdapters/NIC.Integrated.1/NetworkDeviceFunctions/NIC.Integrated.1-2-1/Oem/Dell/DellNIC/NIC.Integrated.1-2-1",
    "@odata.type": "#DellNIC.v1_7_0.DellNIC",
    "BusNumber": 31,
    "CableLengthMetres": null,
    "ControllerBIOSVersion": null,
    "DataBusWidth": "Unknown",
    "Description": "An instance of DellNIC will have NIC device specific data.",
    "DeviceDescription": "Integrated NIC 1 Port 2 Partition 1",
    "EFIVersion": "4.1.05",
    "FCOSDriverVersion": null,
    "FCoEOSDriverVersion": null,
    "FCoEOffloadMode": "Unknown",
    "FQDD": "NIC.Integrated.1-2-1",
    "FamilyVersion": "22.5.7",
    "ISCSIOSDriverVersion": null,
    "Id": "NIC.Integrated.1-2-1",
    "IdentifierType": null,
    "InstanceID": "NIC.Integrated.1-2-1",
    "LANDriverVersion": null,
    "LastSystemInventoryTime": "2024-02-13T10:07:02+00:00",
    "LastUpdateTime": "2024-01-10T08:55:34+00:00",
    "LinkDuplex": "Unknown",
    "MaxBandwidthPercent": 0,
    "MediaType": "SFF_CAGE",
    "MinBandwidthPercent": 0,
    "Name": "DellNIC",
    "NicMode": "Unknown",
    "PCIDeviceID": "159b",
    "PCISubDeviceID": "0001",
    "PCISubVendorID": "8086",
    "PCIVendorID": "8086",
    "PartNumber": "061X09",
    "PermanentFCOEMACAddress": null,
    "PermanentFIPAddress": null,
    "PermanentiSCSIMACAddress": null,
    "ProductName": "Intel(R) Ethernet 25G 2P E810-XXV OCP - B4:83:51:0B:99:91",
    "Protocol": "NIC,RDMA",
    "RDMAOSDriverVersion": null,
    "Revision": null,
    "SNAPIState": "Disabled",
    "SNAPISupport": "NotAvailable",
    "SerialNumber": "MYFLMIT34D01DN",
    "SlotLength": "Unknown",
    "SlotType": "Unknown",
    "TransceiverPartNumber": null,
    "TransceiverSerialNumber": null,
    "TransceiverVendorName": null,
    "VPISupport": "NotAvailable",
    "VendorName": "Intel Corp",
    "VirtualFIPAddress": null,
    "VirtualISCSIAddress": null,
    "iScsiOffloadMode": "Unknown"
}