{
    "@odata.context": "/redfish/v1/$metadata#PCIeFunction.PCIeFunction",
    "@odata.etag": "\"1707829991\"",
    "@odata.type": "#PCIeFunction.v1_5_0.PCIeFunction",
    "@odata.id": "/redfish/v1/Chassis/System.Embedded.1/PCIeDevices/154-0/PCIeFunctions/154-0-0",
    "ClassCode": "0x020000",
    "Description": "Ethernet 25G 2P E810-XXV Adapter",
    "DeviceClass": "NetworkController",
    "DeviceId": "0x159b",
    "Enabled": true,
    "FunctionId": 0,
    "FunctionType": "Physical",
    "Id": "154-0-0",
    "Links": {
        "StorageControllers": [],
        "StorageControllers@odata.count": 0,
        "Drives": [],
        "Drives@odata.count": 0,
        "EthernetInterfaces": [
            {
                "@odata.id": "/redfish/v1/Systems/System.Embedded.1/EthernetInterfaces/NIC.Slot.4-1-1"
            }
        ],
        "EthernetInterfaces@odata.count": 1,
        "PCIeDevice": {
            "@odata.id": "/redfish/v1/Chassis/System.Embedded.1/PCIeDevices/154-0"
        }
    },
    "Name": "Ethernet 25G 2P E810-XXV Adapter",
    "Oem": {
        "Dell": {
            "@odata.type": "#DellChassisPCIeFunction.v1_1_0.DellPCIeFunction",
            "DellPCIeFunction": {
                "DataBusWidth": "8XOrX8",
                "LastSystemInventoryTime": "2024-02-13T13:12:56+00:00",
                "LastUpdateTime": "2024-01-23T07:25:54+00:00",
                "SlotLength": "ShortLength",
                "SlotType": "PCIExpressGen4",
                "Id": "NIC.Slot.4-1-1"
            }
        }
    },
    "RevisionId": "0x02",
    "Status": {
        "State": "Enabled",
        "Health": "OK",
        "HealthRollup": "OK"
    },
    "SubsystemId": "0x0002",
    "SubsystemVendorId": "0x8086",
    "VendorId": "0x8086"
}