{
    "@odata.context": "/redfish/v1/$metadata#CertificateService.CertificateService",
    "@odata.id": "/redfish/v1/CertificateService",
    "@odata.type": "#CertificateService.v1_0_4.CertificateService",
    "Name": "Certificate Service",
    "Id": "CertificateService",
    "Description": "Certificate Service",
    "Actions": {
        "#CertificateService.ReplaceCertificate": {
            "target": "/redfish/v1/CertificateService/Actions/CertificateService.ReplaceCertificate"
        },
        "#CertificateService.GenerateCSR": {
            "target": "/redfish/v1/CertificateService/Actions/CertificateService.GenerateCSR"
        },
        "Oem": {
            "#DellCertificateService.GetLastGeneratedCSR": {
                "target": "/redfish/v1/CertificateService/Actions/Oem/DellCertificateService.GetLastGeneratedCSR"
            },
            "#DellCertificateService.GenerateCSRAndImport": {
                "target": "/redfish/v1/CertificateService/Actions/Oem/DellCertificateService.GenerateCSRAndImport"
            }
        }
    },
    "CertificateLocations": {
        "@odata.id": "/redfish/v1/CertificateService/CertificateLocations"
    }
}