{
    "@odata.context": "/redfish/v1/$metadata#Sensor.Sensor",
    "@odata.id": "/redfish/v1/Chassis/System.Embedded.1/Sensors/PSU.Slot.2_MaximumFrequency",
    "@odata.type": "#Sensor.v1_7_0.Sensor",
    "Name": "MaximumFrequencySensor",
    "Id": "PSU.Slot.2_MaximumFrequency",
    "Description": "Power Supply 2 MaximumFrequency",
    "ReadingType": "Frequency",
    "ReadingUnits": "Hz",
    "Status": {
        "Health": "OK",
        "State": "Enabled"
    },
    "Reading": 63,
    "PhysicalContext": "PowerSupply",
    "Oem": {},
    "Thresholds": {
        "UpperCritical": {
            "Reading": null
        },
        "UpperCaution": {
            "Reading": null
        },
        "LowerCaution": {
            "Reading": null
        },
        "LowerCritical": {
            "Reading": null
        }
    }
}