{
    "@odata.context": "/redfish/v1/$metadata#PCIeFunction.PCIeFunction",
    "@odata.etag": "\"1707829989\"",
    "@odata.type": "#PCIeFunction.v1_5_0.PCIeFunction",
    "@odata.id": "/redfish/v1/Chassis/Enclosure.Internal.0-1_NonRAID.Slot.3-1/PCIeDevices/47-0/PCIeFunctions/47-0-0",
    "ClassCode": "0x010400",
    "Description": "HBA465i Adapter",
    "DeviceClass": "MassStorageController",
    "DeviceId": "0x00a5",
    "Enabled": true,
    "FunctionId": 0,
    "FunctionType": "Physical",
    "Id": "47-0-0",
    "Links": {
        "StorageControllers": [
            {
                "@odata.id": "/redfish/v1/Systems/System.Embedded.1/Storage/NonRAID.Slot.3-1#/StorageControllers/0"
            }
        ],
        "StorageControllers@odata.count": 1,
        "Drives": [
            {
                "@odata.id": "/redfish/v1/Systems/System.Embedded.1/Storage/NonRAID.Slot.3-1/Drives/Disk.Bay.11_Enclosure.Internal.0-1_NonRAID.Slot.3-1"
            },
            {
                "@odata.id": "/redfish/v1/Systems/System.Embedded.1/Storage/NonRAID.Slot.3-1/Drives/Disk.Bay.13_Enclosure.Internal.0-1_NonRAID.Slot.3-1"
            },
            {
                "@odata.id": "/redfish/v1/Systems/System.Embedded.1/Storage/NonRAID.Slot.3-1/Drives/Disk.Bay.14_Enclosure.Internal.0-1_NonRAID.Slot.3-1"
            },
            {
                "@odata.id": "/redfish/v1/Systems/System.Embedded.1/Storage/NonRAID.Slot.3-1/Drives/Disk.Bay.15_Enclosure.Internal.0-1_NonRAID.Slot.3-1"
            },
            {
                "@odata.id": "/redfish/v1/Systems/System.Embedded.1/Storage/NonRAID.Slot.3-1/Drives/Disk.Bay.16_Enclosure.Internal.0-1_NonRAID.Slot.3-1"
            },
            {
                "@odata.id": "/redfish/v1/Systems/System.Embedded.1/Storage/NonRAID.Slot.3-1/Drives/Disk.Bay.17_Enclosure.Internal.0-1_NonRAID.Slot.3-1"
            },
            {
                "@odata.id": "/redfish/v1/Systems/System.Embedded.1/Storage/NonRAID.Slot.3-1/Drives/Disk.Bay.18_Enclosure.Internal.0-1_NonRAID.Slot.3-1"
            },
            {
                "@odata.id": "/redfish/v1/Systems/System.Embedded.1/Storage/NonRAID.Slot.3-1/Drives/Disk.Bay.19_Enclosure.Internal.0-1_NonRAID.Slot.3-1"
            },
            {
                "@odata.id": "/redfish/v1/Systems/System.Embedded.1/Storage/NonRAID.Slot.3-1/Drives/Disk.Bay.20_Enclosure.Internal.0-1_NonRAID.Slot.3-1"
            },
            {
                "@odata.id": "/redfish/v1/Systems/System.Embedded.1/Storage/NonRAID.Slot.3-1/Drives/Disk.Bay.21_Enclosure.Internal.0-1_NonRAID.Slot.3-1"
            },
            {
                "@odata.id": "/redfish/v1/Systems/System.Embedded.1/Storage/NonRAID.Slot.3-1/Drives/Disk.Bay.4_Enclosure.Internal.0-1_NonRAID.Slot.3-1"
            },
            {
                "@odata.id": "/redfish/v1/Systems/System.Embedded.1/Storage/NonRAID.Slot.3-1/Drives/Disk.Bay.5_Enclosure.Internal.0-1_NonRAID.Slot.3-1"
            },
            {
                "@odata.id": "/redfish/v1/Systems/System.Embedded.1/Storage/NonRAID.Slot.3-1/Drives/Disk.Bay.6_Enclosure.Internal.0-1_NonRAID.Slot.3-1"
            },
            {
                "@odata.id": "/redfish/v1/Systems/System.Embedded.1/Storage/NonRAID.Slot.3-1/Drives/Disk.Bay.7_Enclosure.Internal.0-1_NonRAID.Slot.3-1"
            },
            {
                "@odata.id": "/redfish/v1/Systems/System.Embedded.1/Storage/NonRAID.Slot.3-1/Drives/Disk.Bay.8_Enclosure.Internal.0-1_NonRAID.Slot.3-1"
            },
            {
                "@odata.id": "/redfish/v1/Systems/System.Embedded.1/Storage/NonRAID.Slot.3-1/Drives/Disk.Bay.9_Enclosure.Internal.0-1_NonRAID.Slot.3-1"
            }
        ],
        "Drives@odata.count": 16,
        "EthernetInterfaces": [],
        "EthernetInterfaces@odata.count": 0,
        "PCIeDevice": {
            "@odata.id": "/redfish/v1/Chassis/Enclosure.Internal.0-1_NonRAID.Slot.3-1/PCIeDevices/47-0"
        }
    },
    "Name": "HBA465i Adapter",
    "Oem": {
        "Dell": {
            "@odata.type": "#DellChassisPCIeFunction.v1_1_0.DellPCIeFunction",
            "DellPCIeFunction": {
                "DataBusWidth": "16XOrX16",
                "LastSystemInventoryTime": "2024-02-13T13:12:56+00:00",
                "LastUpdateTime": "2024-02-13T12:12:07+00:00",
                "SlotLength": "ShortLength",
                "SlotType": "PCIExpressGen4",
                "Id": "NonRAID.Slot.3-1"
            }
        }
    },
    "RevisionId": "0x01",
    "Status": {
        "State": "Enabled",
        "Health": "OK",
        "HealthRollup": "OK"
    },
    "SubsystemId": "0x2209",
    "SubsystemVendorId": "0x1028",
    "VendorId": "0x1000"
}