{
    "@odata.context": "/redfish/v1/$metadata#JobCollection.JobCollection",
    "@odata.id": "/redfish/v1/JobService/Jobs",
    "@odata.type": "#JobCollection.JobCollection",
    "Description": "A Collection of Job resource instances",
    "Members": [
        {
            "@odata.id": "/redfish/v1/JobService/Jobs/JID_078081707785"
        },
        {
            "@odata.id": "/redfish/v1/JobService/Jobs/JID_078083929395"
        },
        {
            "@odata.id": "/redfish/v1/JobService/Jobs/JID_078089513908"
        },
        {
            "@odata.id": "/redfish/v1/JobService/Jobs/JID_078112466493"
        },
        {
            "@odata.id": "/redfish/v1/JobService/Jobs/JID_078113648386"
        },
        {
            "@odata.id": "/redfish/v1/JobService/Jobs/JID_078123617966"
        },
        {
            "@odata.id": "/redfish/v1/JobService/Jobs/JID_078125638189"
        },
        {
            "@odata.id": "/redfish/v1/JobService/Jobs/JID_078126200660"
        },
        {
            "@odata.id": "/redfish/v1/JobService/Jobs/JID_078126747470"
        },
        {
            "@odata.id": "/redfish/v1/JobService/Jobs/JID_078127369742"
        },
        {
            "@odata.id": "/redfish/v1/JobService/Jobs/JID_078129871299"
        },
        {
            "@odata.id": "/redfish/v1/JobService/Jobs/JID_078131366721"
        },
        {
            "@odata.id": "/redfish/v1/JobService/Jobs/JID_078132556411"
        },
        {
            "@odata.id": "/redfish/v1/JobService/Jobs/JID_078133847429"
        },
        {
            "@odata.id": "/redfish/v1/JobService/Jobs/JID_078135175582"
        },
        {
            "@odata.id": "/redfish/v1/JobService/Jobs/JID_078138330889"
        },
        {
            "@odata.id": "/redfish/v1/JobService/Jobs/JID_078177734681"
        },
        {
            "@odata.id": "/redfish/v1/JobService/Jobs/JID_078177817172"
        },
        {
            "@odata.id": "/redfish/v1/JobService/Jobs/JID_078195667743"
        },
        {
            "@odata.id": "/redfish/v1/JobService/Jobs/JID_078195745644"
        },
        {
            "@odata.id": "/redfish/v1/JobService/Jobs/JID_078202034814"
        },
        {
            "@odata.id": "/redfish/v1/JobService/Jobs/JID_078213543891"
        },
        {
            "@odata.id": "/redfish/v1/JobService/Jobs/JID_078217056676"
        },
        {
            "@odata.id": "/redfish/v1/JobService/Jobs/JID_078228765438"
        },
        {
            "@odata.id": "/redfish/v1/JobService/Jobs/JID_078240997953"
        },
        {
            "@odata.id": "/redfish/v1/JobService/Jobs/JID_078241092434"
        },
        {
            "@odata.id": "/redfish/v1/JobService/Jobs/JID_078242084674"
        },
        {
            "@odata.id": "/redfish/v1/JobService/Jobs/JID_078253851784"
        },
        {
            "@odata.id": "/redfish/v1/JobService/Jobs/JID_078253932213"
        },
        {
            "@odata.id": "/redfish/v1/JobService/Jobs/JID_078255378242"
        },
        {
            "@odata.id": "/redfish/v1/JobService/Jobs/JID_078257944895"
        },
        {
            "@odata.id": "/redfish/v1/JobService/Jobs/JID_078260126848"
        },
        {
            "@odata.id": "/redfish/v1/JobService/Jobs/JID_078272393537"
        },
        {
            "@odata.id": "/redfish/v1/JobService/Jobs/JID_078272471243"
        },
        {
            "@odata.id": "/redfish/v1/JobService/Jobs/JID_078286042473"
        },
        {
            "@odata.id": "/redfish/v1/JobService/Jobs/JID_078297059946"
        },
        {
            "@odata.id": "/redfish/v1/JobService/Jobs/JID_078297996967"
        },
        {
            "@odata.id": "/redfish/v1/JobService/Jobs/JID_078303187901"
        }
    ],
    "Members@odata.count": 38,
    "Name": "JobCollection"
}