{
    "@odata.context": "/redfish/v1/$metadata#Job.Job",
    "@odata.id": "/redfish/v1/JobService/Jobs/JID_078083929395",
    "@odata.type": "#Job.v1_2_1.Job",
    "Description": "Represent a job in Redfish",
    "Id": "JID_078083929395",
    "Name": "Config:RAID:RAID.Slot.5-1",
    "JobState": "Completed",
    "JobStatus": "OK",
    "PercentComplete": 100,
    "StartTime": "2024-02-13T01:13:12-06:00",
    "EndTime": "2024-02-13T01:15:21-06:00",
    "Messages": [
        {
            "Message": "Job completed successfully.",
            "MessageId": "IDRAC.2.9.PR19",
            "MessageArgs": [],
            "MessageArgs@odata.count": 0
        }
    ],
    "Messages@odata.count": 1
}