{
    "@odata.context": "/redfish/v1/$metadata#Assembly.Assembly",
    "@odata.type": "#Assembly.v1_4_0.Assembly",
    "@odata.id": "/redfish/v1/Chassis/System.Embedded.1/NetworkAdapters/NIC.Slot.6/Assembly",
    "Assemblies": [
        {
            "@odata.type": "#Assembly.v1_4_0.AssemblyData",
            "@odata.id": "/redfish/v1/Chassis/System.Embedded.1/NetworkAdapters/NIC.Slot.6/Assembly#/Assemblies/0",
            "BinaryDataURI": null,
            "Description": "BRCM 25GbE 2P 57414S Adptr",
            "EngineeringChangeLevel": "A00",
            "MemberId": "0",
            "Model": "BRCM 25GbE 2P 57414S Adptr",
            "Name": "NIC.Slot.6#FRU",
            "Oem": {
                "Dell": {
                    "@odata.type": "#DellOem.v1_3_0.DellOemResources",
                    "DellAssembly": {
                        "Description": "This resource shall be used to represent an assembly information.",
                        "DeviceFQDD": "NIC.Slot.6",
                        "Id": "NIC.Slot.6_0x23_FRU",
                        "Name": "DellAssembly",
                        "PackageType": "Module/Card",
                        "SerialNumber": "VNFCVBA27502PV",
                        "@odata.context": "/redfish/v1/$metadata#DellAssembly.DellAssembly",
                        "@odata.type": "#DellAssembly.v1_0_0.DellAssembly",
                        "@odata.id": "/redfish/v1/Chassis/System.Embedded.1/Oem/Dell/DellAssembly/NIC.Slot.6_0x23_FRU"
                    }
                }
            },
            "PartNumber": "002MT0",
            "Producer": "Dell",
            "ProductionDate": "2022-07-07T21:22:00Z",
            "SKU": null,
            "SparePartNumber": null,
            "Vendor": "DELL",
            "Version": null
        }
    ],
    "Assemblies@odata.count": 1,
    "Description": "Represents the properties of Assembly for the device",
    "Id": "Assembly",
    "Name": "NIC.Slot.6#FRU"
}