{
    "@odata.context": "/redfish/v1/$metadata#DellEnclosure.DellEnclosure",
    "@odata.id": "/redfish/v1/Chassis/Enclosure.External.0-0_RAID.Slot.5-1/Oem/Dell/DellEnclosures/Enclosure.External.0-0_RAID.Slot.5-1",
    "@odata.type": "#DellEnclosure.v1_1_0.DellEnclosure",
    "AssetName": "SAS4 2U12 JBOD",
    "Connector": 0,
    "Description": "An instance of DellEnclosure will have storage enclosure specific data.",
    "Id": "Enclosure.External.0-0:RAID.Slot.5-1",
    "LastSystemInventoryTime": "2024-02-13T12:12:09+00:00",
    "LastUpdateTime": "2024-02-13T12:12:07+00:00",
    "Links": {
        "DellEnclosureEMMCollection": [
            {
                "@odata.id": "/redfish/v1/Chassis/Oem/Dell/DellEnclosureEMM/EMM.Slot.1_Enclosure.External.0-0_RAID.Slot.5-1"
            },
            {
                "@odata.id": "/redfish/v1/Chassis/Oem/Dell/DellEnclosureEMM/EMM.Slot.2_Enclosure.External.0-0_RAID.Slot.5-1"
            }
        ],
        "DellEnclosureEMMCollection@odata.count": 2
    },
    "Name": "DellEnclosure",
    "ServiceTag": "B02D804",
    "SlotCount": 12,
    "TempProbeCount": 16,
    "Version": "0703",
    "WiredOrder": 0
}