{
    "@odata.context": "/redfish/v1/$metadata#DellEnclosureEMM.DellEnclosureEMM",
    "@odata.id": "/redfish/v1/Chassis/Oem/Dell/DellEnclosureEMM/EMM.Slot.2_Enclosure.External.0-0_RAID.Slot.5-1",
    "@odata.type": "#DellEnclosureEMM.v1_1_0.DellEnclosureEMM",
    "Description": "An instance of DellEnclosureEMM will have  Enclosure Management Module specific data.",
    "DeviceDescription": "EMM 2 in Enclosure 0 on Connector 0 of RAID Controller in Slot 5",
    "FQDD": "EMM.Slot.2:Enclosure.External.0-0:RAID.Slot.5-1",
    "Id": "EMM.Slot.2:Enclosure.External.0-0:RAID.Slot.5-1",
    "InstanceID": "EMM.Slot.2:Enclosure.External.0-0:RAID.Slot.5-1",
    "Links": {
        "DellEnclosureCollection": [
            {
                "@odata.id": "/redfish/v1/Chassis/Oem/Dell/DellEnclosures/Enclosure.External.0-0_RAID.Slot.5-1"
            }
        ],
        "DellEnclosureCollection@odata.count": 1
    },
    "Name": "DellEnclosureEMM",
    "PartNumber": "00J3T5",
    "PrimaryStatus": "OK",
    "Revision": "7.3.1",
    "State": "Ready"
}