{
    "@odata.context": "/redfish/v1/$metadata#Chassis.Chassis",
    "@odata.id": "/redfish/v1/Chassis/Enclosure.External.0-0_RAID.Slot.5-1/Settings",
    "@odata.type": "#Chassis.v1_23_0.Chassis",
    "Actions": {},
    "AssetTag": "Dell 1245",
    "ChassisType": "StorageEnclosure",
    "Description": "Enclosure 0 on Connector 0 of RAID Controller in Slot 5",
    "Id": "Enclosure.External.0-0:RAID.Slot.5-1",
    "Links": {
        "Contains": [],
        "Contains@odata.count": 0,
        "CooledBy": [],
        "CooledBy@odata.count": 0,
        "Drives": [
            {
                "@odata.id": "/redfish/v1/Systems/System.Embedded.1/Storage/RAID.Slot.5-1/Drives/Disk.Bay.0_Enclosure.External.0-0_RAID.Slot.5-1"
            },
            {
                "@odata.id": "/redfish/v1/Systems/System.Embedded.1/Storage/RAID.Slot.5-1/Drives/Disk.Bay.1_Enclosure.External.0-0_RAID.Slot.5-1"
            },
            {
                "@odata.id": "/redfish/v1/Systems/System.Embedded.1/Storage/RAID.Slot.5-1/Drives/Disk.Bay.2_Enclosure.External.0-0_RAID.Slot.5-1"
            },
            {
                "@odata.id": "/redfish/v1/Systems/System.Embedded.1/Storage/RAID.Slot.5-1/Drives/Disk.Bay.3_Enclosure.External.0-0_RAID.Slot.5-1"
            },
            {
                "@odata.id": "/redfish/v1/Systems/System.Embedded.1/Storage/RAID.Slot.5-1/Drives/Disk.Bay.4_Enclosure.External.0-0_RAID.Slot.5-1"
            },
            {
                "@odata.id": "/redfish/v1/Systems/System.Embedded.1/Storage/RAID.Slot.5-1/Drives/Disk.Bay.5_Enclosure.External.0-0_RAID.Slot.5-1"
            },
            {
                "@odata.id": "/redfish/v1/Systems/System.Embedded.1/Storage/RAID.Slot.5-1/Drives/Disk.Bay.6_Enclosure.External.0-0_RAID.Slot.5-1"
            },
            {
                "@odata.id": "/redfish/v1/Systems/System.Embedded.1/Storage/RAID.Slot.5-1/Drives/Disk.Bay.7_Enclosure.External.0-0_RAID.Slot.5-1"
            },
            {
                "@odata.id": "/redfish/v1/Systems/System.Embedded.1/Storage/RAID.Slot.5-1/Drives/Disk.Bay.8_Enclosure.External.0-0_RAID.Slot.5-1"
            },
            {
                "@odata.id": "/redfish/v1/Systems/System.Embedded.1/Storage/RAID.Slot.5-1/Drives/Disk.Bay.9_Enclosure.External.0-0_RAID.Slot.5-1"
            },
            {
                "@odata.id": "/redfish/v1/Systems/System.Embedded.1/Storage/RAID.Slot.5-1/Drives/Disk.Bay.10_Enclosure.External.0-0_RAID.Slot.5-1"
            },
            {
                "@odata.id": "/redfish/v1/Systems/System.Embedded.1/Storage/RAID.Slot.5-1/Drives/Disk.Bay.11_Enclosure.External.0-0_RAID.Slot.5-1"
            }
        ],
        "Drives@odata.count": 12,
        "ManagedBy": [],
        "ManagedBy@odata.count": 0,
        "PCIeDevices": [
            {
                "@odata.id": "/redfish/v1/Chassis/System.Embedded.1/PCIeDevices/153-0"
            }
        ],
        "PCIeDevices@Redfish.Deprecated": "Please migrate to use /redfish/v1/Chassis/Enclosure.External.0-0:RAID.Slot.5-1/PCIeDevices",
        "PCIeDevices@odata.count": 1,
        "PoweredBy": [],
        "PoweredBy@odata.count": 0,
        "Storage": [
            {
                "@odata.id": "/redfish/v1/Systems/System.Embedded.1/Storage/RAID.Slot.5-1"
            }
        ],
        "Storage@odata.count": 1
    },
    "Manufacturer": null,
    "Model": "DSES 0:0",
    "Name": "DSES 0:0",
    "Oem": {
        "Dell": {
            "@odata.type": "#DellOemEnclosureChassis.v1_0_0.DellOemEnclosureChassis",
            "DellChassisEnclosure": {
                "BackplaneType": "NotShared",
                "Connector": 0,
                "LastSystemInventoryTime": "2024-02-13T06:12:09-06:00",
                "LastUpdateTime": "2024-02-13T06:12:07-06:00",
                "RAIDMultipath": "On",
                "TempProbeCount": 16,
                "Version": "0703"
            }
        }
    },
    "PCIeDevices": {
        "@odata.id": "/redfish/v1/Chassis/Enclosure.External.0-0_RAID.Slot.5-1/PCIeDevices"
    },
    "PartNumber": null,
    "Power": {
        "@odata.id": "/redfish/v1/Chassis/Enclosure.External.0-0_RAID.Slot.5-1/Power"
    },
    "Power@Redfish.Deprecated": "Please migrate to use /redfish/v1/Chassis/Enclosure.External.0-0:RAID.Slot.5-1/PowerSubsystem",
    "PowerState": "On",
    "PowerSubsystem": {
        "@odata.id": "/redfish/v1/Chassis/Enclosure.External.0-0_RAID.Slot.5-1/PowerSubsystem"
    },
    "PoweredByParent": false,
    "SKU": "B02D804",
    "Sensors": {
        "@odata.id": "/redfish/v1/Chassis/Enclosure.External.0-0_RAID.Slot.5-1/Sensors"
    },
    "SerialNumber": null,
    "Status": {
        "Health": "OK",
        "HealthRollup": "OK",
        "State": "Enabled"
    },
    "Thermal": {
        "@odata.id": "/redfish/v1/Chassis/Enclosure.External.0-0_RAID.Slot.5-1/Thermal"
    },
    "Thermal@Redfish.Deprecated": "Please migrate to use /redfish/v1/Chassis/Enclosure.External.0-0:RAID.Slot.5-1/ThermalSubsystem",
    "ThermalManagedByParent": false,
    "ThermalSubsystem": {
        "@odata.id": "/redfish/v1/Chassis/Enclosure.External.0-0_RAID.Slot.5-1/ThermalSubsystem"
    }
}