{
    "@odata.context": "/redfish/v1/$metadata#Sensor.Sensor",
    "@odata.id": "/redfish/v1/Chassis/Enclosure.External.0-0_RAID.Slot.5-1/Sensors/Fan.LCC-A.3",
    "@odata.type": "#Sensor.v1_7_0.Sensor",
    "Name": "Local fan module 2",
    "Id": "Fan.LCC-A.3",
    "Description": "Fan 3 in LCC-A in Enclosure 0 on Connector 0 of Storage Controller in Slot 5",
    "Reading": 5480.0,
    "ReadingType": "Rotational",
    "ReadingUnits": "RPM",
    "SpeedRPM": 5480,
    "Status": {
        "Health": "OK",
        "State": "Enabled"
    },
    "PhysicalContext": "Chassis"
}