{
    "@odata.context": "/redfish/v1/$metadata#PowerSupplyCollection.PowerSupplyCollection",
    "@odata.id": "/redfish/v1/Chassis/Enclosure.External.0-3_RAID.Slot.5-1/PowerSubsystem/PowerSupplies",
    "@odata.type": "#PowerSupplyCollection.PowerSupplyCollection",
    "Description": "Power Supply Collection",
    "Name": "Power Supply Collection",
    "Members": [
        {
            "@odata.id": "/redfish/v1/Chassis/Enclosure.External.0-3_RAID.Slot.5-1/PowerSubsystem/PowerSupplies/PSU.Slot.B"
        },
        {
            "@odata.id": "/redfish/v1/Chassis/Enclosure.External.0-3_RAID.Slot.5-1/PowerSubsystem/PowerSupplies/PSU.Slot.A"
        }
    ],
    "Members@odata.count": 2
}