{
    "@odata.context": "/redfish/v1/$metadata#ComponentIntegrityCollection.ComponentIntegrityCollection",
    "@odata.id": "/redfish/v1/ComponentIntegrity",
    "@odata.type": "#ComponentIntegrityCollection.ComponentIntegrityCollection",
    "Description": "Collection of ComponentIntegrity resources",
    "Members": [
        {
            "@odata.id": "/redfish/v1/ComponentIntegrity/RAID.Slot.5-1"
        },
        {
            "@odata.id": "/redfish/v1/ComponentIntegrity/NonRAID.Slot.3-1"
        },
        {
            "@odata.id": "/redfish/v1/ComponentIntegrity/NonRAID.SL.3-1"
        }
    ],
    "Members@odata.count": 3,
    "Name": "ComponentIntegrity Collection"
}