{
    "@odata.context": "/redfish/v1/$metadata#PCIeDevice.PCIeDevice",
    "@odata.etag": "\"1707829991\"",
    "@odata.id": "/redfish/v1/Chassis/System.Embedded.1/PCIeDevices/154-0",
    "@odata.type": "#PCIeDevice.v1_11_1.PCIeDevice",
    "AssetTag": null,
    "Description": "Ethernet 25G 2P E810-XXV Adapter",
    "DeviceType": "MultiFunction",
    "FirmwareVersion": "22.5.7",
    "Id": "154-0",
    "Links": {
        "Chassis": [
            {
                "@odata.id": "/redfish/v1/Chassis/System.Embedded.1"
            }
        ],
        "Chassis@odata.count": 1,
        "Oem": {
            "Dell": {
                "@odata.type": "#DellOem.v1_3_0.DellOemLinks",
                "CPUAffinity": [
                    {
                        "@odata.id": "/redfish/v1/Systems/System.Embedded.1/Processors/CPU.Socket.2"
                    }
                ],
                "CPUAffinity@odata.count": 1
            }
        },
        "PCIeFunctions": [
            {
                "@odata.id": "/redfish/v1/Chassis/System.Embedded.1/PCIeDevices/154-0/PCIeFunctions/154-0-1"
            },
            {
                "@odata.id": "/redfish/v1/Chassis/System.Embedded.1/PCIeDevices/154-0/PCIeFunctions/154-0-0"
            }
        ],
        "PCIeFunctions@odata.count": 2,
        "PCIeFunctions@Redfish.Deprecated": "Please migrate to PCIeFunctions property in the root resource."
    },
    "Manufacturer": "Intel Corporation",
    "Model": "Intel(R) 25GbE 2P E810-XXV Adptr",
    "Name": "Ethernet 25G 2P E810-XXV Adapter",
    "PartNumber": "0CD16M",
    "SKU": null,
    "SerialNumber": "MYFLMIT33T02GG",
    "Slot": {
        "Lanes": 8,
        "Location": {
            "PartLocation": {
                "LocationOrdinalValue": 4,
                "LocationType": "Slot"
            }
        },
        "PCIeType": "Gen4",
        "SlotType": "HalfLength"
    },
    "PCIeInterface": {
        "MaxPCIeType": "Gen4",
        "PCIeType": "Gen4",
        "MaxLanes": 8,
        "LanesInUse": 8
    },
    "Status": {
        "State": "Enabled",
        "Health": "OK",
        "HealthRollup": "OK"
    },
    "PCIeFunctions": {
        "@odata.id": "/redfish/v1/Chassis/System.Embedded.1/PCIeDevices/154-0/PCIeFunctions"
    }
}