{
    "@odata.context": "/redfish/v1/$metadata#PCIeFunction.PCIeFunction",
    "@odata.etag": "\"1707829993\"",
    "@odata.type": "#PCIeFunction.v1_5_0.PCIeFunction",
    "@odata.id": "/redfish/v1/Chassis/System.Embedded.1/PCIeDevices/63-0/PCIeFunctions/63-0-0",
    "ClassCode": "0x010400",
    "Description": "HBA465i Front",
    "DeviceClass": "MassStorageController",
    "DeviceId": "0x00a5",
    "Enabled": true,
    "FunctionId": 0,
    "FunctionType": "Physical",
    "Id": "63-0-0",
    "Links": {
        "StorageControllers": [
            {
                "@odata.id": "/redfish/v1/Systems/System.Embedded.1/Storage/NonRAID.SL.3-1#/StorageControllers/0"
            }
        ],
        "StorageControllers@odata.count": 1,
        "Drives": [
            {
                "@odata.id": "/redfish/v1/Systems/System.Embedded.1/Storage/NonRAID.SL.3-1/Drives/Disk.Bay.0_Enclosure.Internal.0-1_NonRAID.SL.3-1"
            },
            {
                "@odata.id": "/redfish/v1/Systems/System.Embedded.1/Storage/NonRAID.SL.3-1/Drives/Disk.Bay.1_Enclosure.Internal.0-1_NonRAID.SL.3-1"
            },
            {
                "@odata.id": "/redfish/v1/Systems/System.Embedded.1/Storage/NonRAID.SL.3-1/Drives/Disk.Bay.2_Enclosure.Internal.0-1_NonRAID.SL.3-1"
            },
            {
                "@odata.id": "/redfish/v1/Systems/System.Embedded.1/Storage/NonRAID.SL.3-1/Drives/Disk.Bay.3_Enclosure.Internal.0-1_NonRAID.SL.3-1"
            }
        ],
        "Drives@odata.count": 4,
        "EthernetInterfaces": [],
        "EthernetInterfaces@odata.count": 0,
        "PCIeDevice": {
            "@odata.id": "/redfish/v1/Chassis/System.Embedded.1/PCIeDevices/63-0"
        }
    },
    "Name": "HBA465i Front",
    "Oem": {
        "Dell": {
            "@odata.type": "#DellChassisPCIeFunction.v1_1_0.DellPCIeFunction",
            "DellPCIeFunction": {
                "DataBusWidth": "Unknown",
                "LastSystemInventoryTime": "2024-02-13T13:12:56+00:00",
                "LastUpdateTime": "2024-02-13T12:12:07+00:00",
                "SlotLength": "Unknown",
                "SlotType": "Unknown",
                "Id": "NonRAID.SL.3-1"
            }
        }
    },
    "RevisionId": "0x01",
    "Status": {
        "State": "Enabled",
        "Health": "OK",
        "HealthRollup": "OK"
    },
    "SubsystemId": "0x220a",
    "SubsystemVendorId": "0x1028",
    "VendorId": "0x1000"
}