{
    "@odata.context": "/redfish/v1/$metadata#PCIeDevice.PCIeDevice",
    "@odata.etag": "\"1707829993\"",
    "@odata.id": "/redfish/v1/Chassis/System.Embedded.1/PCIeDevices/138-0",
    "@odata.type": "#PCIeDevice.v1_11_1.PCIeDevice",
    "AssetTag": null,
    "Description": "BCM57414 NetXtreme-E 10Gb/25Gb RDMA Ethernet Controller",
    "DeviceType": "MultiFunction",
    "FirmwareVersion": "22.71.11.13",
    "Id": "138-0",
    "Links": {
        "Chassis": [
            {
                "@odata.id": "/redfish/v1/Chassis/System.Embedded.1"
            }
        ],
        "Chassis@odata.count": 1,
        "Oem": {
            "Dell": {
                "@odata.type": "#DellOem.v1_3_0.DellOemLinks",
                "CPUAffinity": [
                    {
                        "@odata.id": "/redfish/v1/Systems/System.Embedded.1/Processors/CPU.Socket.2"
                    }
                ],
                "CPUAffinity@odata.count": 1
            }
        },
        "PCIeFunctions": [
            {
                "@odata.id": "/redfish/v1/Chassis/System.Embedded.1/PCIeDevices/138-0/PCIeFunctions/138-0-1"
            },
            {
                "@odata.id": "/redfish/v1/Chassis/System.Embedded.1/PCIeDevices/138-0/PCIeFunctions/138-0-0"
            }
        ],
        "PCIeFunctions@odata.count": 2,
        "PCIeFunctions@Redfish.Deprecated": "Please migrate to PCIeFunctions property in the root resource."
    },
    "Manufacturer": "Broadcom Inc. and subsidiaries",
    "Model": "BRCM 25GbE 2P 57414S Adptr",
    "Name": "BCM57414 NetXtreme-E 10Gb/25Gb RDMA Ethernet Controller",
    "PartNumber": "002MT0",
    "SKU": null,
    "SerialNumber": "VNFCVBA27502PV",
    "Slot": {
        "Lanes": 16,
        "Location": {
            "PartLocation": {
                "LocationOrdinalValue": 6,
                "LocationType": "Slot"
            }
        },
        "PCIeType": "Gen4",
        "SlotType": "HalfLength"
    },
    "PCIeInterface": {
        "MaxPCIeType": "Gen4",
        "PCIeType": "Gen4",
        "MaxLanes": 16,
        "LanesInUse": 16
    },
    "Status": {
        "State": "Enabled",
        "Health": "OK",
        "HealthRollup": "OK"
    },
    "PCIeFunctions": {
        "@odata.id": "/redfish/v1/Chassis/System.Embedded.1/PCIeDevices/138-0/PCIeFunctions"
    }
}