{
    "@odata.context": "/redfish/v1/$metadata#PCIeFunction.PCIeFunction",
    "@odata.etag": "\"1707829993\"",
    "@odata.type": "#PCIeFunction.v1_5_0.PCIeFunction",
    "@odata.id": "/redfish/v1/Chassis/System.Embedded.1/PCIeDevices/138-0/PCIeFunctions/138-0-1",
    "ClassCode": "0x020000",
    "Description": "BCM57414 NetXtreme-E 10Gb/25Gb RDMA Ethernet Controller",
    "DeviceClass": "NetworkController",
    "DeviceId": "0x16d7",
    "Enabled": true,
    "FunctionId": 1,
    "FunctionType": "Physical",
    "Id": "138-0-1",
    "Links": {
        "StorageControllers": [],
        "StorageControllers@odata.count": 0,
        "Drives": [],
        "Drives@odata.count": 0,
        "EthernetInterfaces": [
            {
                "@odata.id": "/redfish/v1/Systems/System.Embedded.1/EthernetInterfaces/NIC.Slot.6-2-1"
            }
        ],
        "EthernetInterfaces@odata.count": 1,
        "PCIeDevice": {
            "@odata.id": "/redfish/v1/Chassis/System.Embedded.1/PCIeDevices/138-0"
        }
    },
    "Name": "BCM57414 NetXtreme-E 10Gb/25Gb RDMA Ethernet Controller",
    "Oem": {
        "Dell": {
            "@odata.type": "#DellChassisPCIeFunction.v1_1_0.DellPCIeFunction",
            "DellPCIeFunction": {
                "DataBusWidth": "16XOrX16",
                "LastSystemInventoryTime": "2024-02-13T13:12:56+00:00",
                "LastUpdateTime": "2024-01-08T04:24:56+00:00",
                "SlotLength": "ShortLength",
                "SlotType": "PCIExpressGen4",
                "Id": "NIC.Slot.6-2-1"
            }
        }
    },
    "RevisionId": "0x01",
    "Status": {
        "State": "Enabled",
        "Health": "OK",
        "HealthRollup": "OK"
    },
    "SubsystemId": "0x4141",
    "SubsystemVendorId": "0x14e4",
    "VendorId": "0x14e4"
}