{
    "@odata.context": "/redfish/v1/$metadata#DellNIC.DellNIC",
    "@odata.id": "/redfish/v1/Chassis/System.Embedded.1/NetworkAdapters/NIC.Slot.6/NetworkDeviceFunctions/NIC.Slot.6-1-1/Oem/Dell/DellNIC/NIC.Slot.6-1-1",
    "@odata.type": "#DellNIC.v1_7_0.DellNIC",
    "BusNumber": 138,
    "CableLengthMetres": null,
    "ControllerBIOSVersion": "227.0.134.0",
    "DataBusWidth": "16XOrX16",
    "Description": "An instance of DellNIC will have NIC device specific data.",
    "DeviceDescription": "NIC in Slot 6 Port 1 Partition 1",
    "EFIVersion": "227.0.134.3",
    "FCOSDriverVersion": null,
    "FCoEOSDriverVersion": null,
    "FCoEOffloadMode": "Unknown",
    "FQDD": "NIC.Slot.6-1-1",
    "FamilyVersion": "22.71.11.13",
    "ISCSIOSDriverVersion": null,
    "Id": "NIC.Slot.6-1-1",
    "IdentifierType": null,
    "InstanceID": "NIC.Slot.6-1-1",
    "LANDriverVersion": "227.0.134 ",
    "LastSystemInventoryTime": "2024-02-13T10:07:02+00:00",
    "LastUpdateTime": "2024-01-08T04:24:56+00:00",
    "LinkDuplex": "Unknown",
    "MaxBandwidthPercent": 100,
    "MediaType": "SFF_CAGE",
    "MinBandwidthPercent": 0,
    "Name": "DellNIC",
    "NicMode": "Enabled",
    "PCIDeviceID": "16d7",
    "PCISubDeviceID": "4141",
    "PCISubVendorID": "14e4",
    "PCIVendorID": "14e4",
    "PartNumber": "002MT0",
    "PermanentFCOEMACAddress": null,
    "PermanentFIPAddress": null,
    "PermanentiSCSIMACAddress": null,
    "ProductName": "Broadcom Adv. Dual 25Gb Ethernet - 84:16:0C:E7:8F:00",
    "Protocol": "NIC",
    "RDMAOSDriverVersion": null,
    "Revision": null,
    "SNAPIState": "Disabled",
    "SNAPISupport": "NotAvailable",
    "SerialNumber": "VNFCVBA27502PV",
    "SlotLength": "ShortLength",
    "SlotType": "PCIExpressGen4",
    "TransceiverPartNumber": null,
    "TransceiverSerialNumber": null,
    "TransceiverVendorName": null,
    "VPISupport": "NotAvailable",
    "VendorName": "Broadcom Corp",
    "VirtualFIPAddress": null,
    "VirtualISCSIAddress": null,
    "iScsiOffloadMode": "Unknown"
}