{
    "@odata.context": "/redfish/v1/$metadata#DellEnclosure.DellEnclosure",
    "@odata.id": "/redfish/v1/Chassis/Enclosure.Internal.0-1_NonRAID.SL.3-1/Oem/Dell/DellEnclosures/Enclosure.Internal.0-1_NonRAID.SL.3-1",
    "@odata.type": "#DellEnclosure.v1_1_0.DellEnclosure",
    "AssetName": null,
    "Connector": 0,
    "Description": "An instance of DellEnclosure will have storage enclosure specific data.",
    "Id": "Enclosure.Internal.0-1:NonRAID.SL.3-1",
    "LastSystemInventoryTime": "2024-02-13T12:12:09+00:00",
    "LastUpdateTime": "2024-02-13T12:12:07+00:00",
    "Links": {
        "DellEnclosureEMMCollection": [],
        "DellEnclosureEMMCollection@odata.count": 0
    },
    "Name": "DellEnclosure",
    "ServiceTag": null,
    "SlotCount": 24,
    "TempProbeCount": 0,
    "Version": "1.61",
    "WiredOrder": 1
}