{
    "@odata.context": "/redfish/v1/$metadata#PCIeDevice.PCIeDevice",
    "@odata.etag": "\"1707829992\"",
    "@odata.id": "/redfish/v1/Chassis/System.Embedded.1/PCIeDevices/153-0",
    "@odata.type": "#PCIeDevice.v1_11_1.PCIeDevice",
    "AssetTag": null,
    "Description": "PERC H965e Adapter",
    "DeviceType": "SingleFunction",
    "FirmwareVersion": "8.8.0.0.18-17",
    "Id": "153-0",
    "Links": {
        "Chassis": [
            {
                "@odata.id": "/redfish/v1/Chassis/System.Embedded.1"
            }
        ],
        "Chassis@odata.count": 1,
        "Oem": {
            "Dell": {
                "@odata.type": "#DellOem.v1_3_0.DellOemLinks",
                "CPUAffinity": [
                    {
                        "@odata.id": "/redfish/v1/Systems/System.Embedded.1/Processors/CPU.Socket.2"
                    }
                ],
                "CPUAffinity@odata.count": 1
            }
        },
        "PCIeFunctions": [
            {
                "@odata.id": "/redfish/v1/Chassis/System.Embedded.1/PCIeDevices/153-0/PCIeFunctions/153-0-0"
            }
        ],
        "PCIeFunctions@odata.count": 1,
        "PCIeFunctions@Redfish.Deprecated": "Please migrate to PCIeFunctions property in the root resource."
    },
    "Manufacturer": "Broadcom / LSI",
    "Model": "Dell Storage Cntlr. H965e Adptr",
    "Name": "PERC H965e Adapter",
    "PartNumber": "0VWHMH",
    "SKU": null,
    "SerialNumber": "CNFCP0036C000K",
    "Slot": {
        "Lanes": 8,
        "Location": {
            "PartLocation": {
                "LocationOrdinalValue": 5,
                "LocationType": "Slot"
            }
        },
        "PCIeType": "Gen4",
        "SlotType": "HalfLength"
    },
    "PCIeInterface": {
        "MaxPCIeType": "Gen4",
        "PCIeType": "Gen4",
        "MaxLanes": 8,
        "LanesInUse": 8
    },
    "Status": {
        "State": "Enabled",
        "Health": "OK",
        "HealthRollup": "OK"
    },
    "PCIeFunctions": {
        "@odata.id": "/redfish/v1/Chassis/System.Embedded.1/PCIeDevices/153-0/PCIeFunctions"
    }
}