{
    "@odata.context": "/redfish/v1/$metadata#Chassis.Chassis",
    "@odata.id": "/redfish/v1/Chassis/Enclosure.Internal.0-1_NonRAID.Slot.3-1/Settings",
    "@odata.type": "#Chassis.v1_23_0.Chassis",
    "Actions": {},
    "AssetTag": "",
    "ChassisType": "StorageEnclosure",
    "Description": "Backplane 1 on Connector 0 of Storage Controller in Slot 3",
    "Id": "Enclosure.Internal.0-1:NonRAID.Slot.3-1",
    "Links": {
        "ContainedBy": {
            "@odata.id": "/redfish/v1/Chassis/System.Embedded.1"
        },
        "Contains": [],
        "Contains@odata.count": 0,
        "Drives": [
            {
                "@odata.id": "/redfish/v1/Systems/System.Embedded.1/Storage/NonRAID.Slot.3-1/Drives/Disk.Bay.20_Enclosure.Internal.0-1_NonRAID.Slot.3-1"
            },
            {
                "@odata.id": "/redfish/v1/Systems/System.Embedded.1/Storage/NonRAID.Slot.3-1/Drives/Disk.Bay.21_Enclosure.Internal.0-1_NonRAID.Slot.3-1"
            },
            {
                "@odata.id": "/redfish/v1/Systems/System.Embedded.1/Storage/NonRAID.Slot.3-1/Drives/Disk.Bay.4_Enclosure.Internal.0-1_NonRAID.Slot.3-1"
            },
            {
                "@odata.id": "/redfish/v1/Systems/System.Embedded.1/Storage/NonRAID.Slot.3-1/Drives/Disk.Bay.5_Enclosure.Internal.0-1_NonRAID.Slot.3-1"
            },
            {
                "@odata.id": "/redfish/v1/Systems/System.Embedded.1/Storage/NonRAID.Slot.3-1/Drives/Disk.Bay.6_Enclosure.Internal.0-1_NonRAID.Slot.3-1"
            },
            {
                "@odata.id": "/redfish/v1/Systems/System.Embedded.1/Storage/NonRAID.Slot.3-1/Drives/Disk.Bay.7_Enclosure.Internal.0-1_NonRAID.Slot.3-1"
            },
            {
                "@odata.id": "/redfish/v1/Systems/System.Embedded.1/Storage/NonRAID.Slot.3-1/Drives/Disk.Bay.8_Enclosure.Internal.0-1_NonRAID.Slot.3-1"
            },
            {
                "@odata.id": "/redfish/v1/Systems/System.Embedded.1/Storage/NonRAID.Slot.3-1/Drives/Disk.Bay.9_Enclosure.Internal.0-1_NonRAID.Slot.3-1"
            },
            {
                "@odata.id": "/redfish/v1/Systems/System.Embedded.1/Storage/NonRAID.Slot.3-1/Drives/Disk.Bay.11_Enclosure.Internal.0-1_NonRAID.Slot.3-1"
            },
            {
                "@odata.id": "/redfish/v1/Systems/System.Embedded.1/Storage/NonRAID.Slot.3-1/Drives/Disk.Bay.13_Enclosure.Internal.0-1_NonRAID.Slot.3-1"
            },
            {
                "@odata.id": "/redfish/v1/Systems/System.Embedded.1/Storage/NonRAID.Slot.3-1/Drives/Disk.Bay.14_Enclosure.Internal.0-1_NonRAID.Slot.3-1"
            },
            {
                "@odata.id": "/redfish/v1/Systems/System.Embedded.1/Storage/NonRAID.Slot.3-1/Drives/Disk.Bay.15_Enclosure.Internal.0-1_NonRAID.Slot.3-1"
            },
            {
                "@odata.id": "/redfish/v1/Systems/System.Embedded.1/Storage/NonRAID.Slot.3-1/Drives/Disk.Bay.16_Enclosure.Internal.0-1_NonRAID.Slot.3-1"
            },
            {
                "@odata.id": "/redfish/v1/Systems/System.Embedded.1/Storage/NonRAID.Slot.3-1/Drives/Disk.Bay.17_Enclosure.Internal.0-1_NonRAID.Slot.3-1"
            },
            {
                "@odata.id": "/redfish/v1/Systems/System.Embedded.1/Storage/NonRAID.Slot.3-1/Drives/Disk.Bay.18_Enclosure.Internal.0-1_NonRAID.Slot.3-1"
            },
            {
                "@odata.id": "/redfish/v1/Systems/System.Embedded.1/Storage/NonRAID.Slot.3-1/Drives/Disk.Bay.19_Enclosure.Internal.0-1_NonRAID.Slot.3-1"
            }
        ],
        "Drives@odata.count": 16,
        "ManagedBy": [
            {
                "@odata.id": "/redfish/v1/Managers/iDRAC.Embedded.1"
            }
        ],
        "ManagedBy@odata.count": 1,
        "PCIeDevices": [
            {
                "@odata.id": "/redfish/v1/Chassis/System.Embedded.1/PCIeDevices/47-0"
            }
        ],
        "PCIeDevices@Redfish.Deprecated": "Please migrate to use /redfish/v1/Chassis/Enclosure.Internal.0-1:NonRAID.Slot.3-1/PCIeDevices",
        "PCIeDevices@odata.count": 1,
        "Storage": [
            {
                "@odata.id": "/redfish/v1/Systems/System.Embedded.1/Storage/NonRAID.Slot.3-1"
            }
        ],
        "Storage@odata.count": 1
    },
    "Location": {
        "Oem": {
            "Dell": {
                "@odata.type": "#DellLocation.v1_2_0.DellLocation",
                "PartLocation": {
                    "ExtendedReference": "Front"
                }
            }
        },
        "PartLocation": {
            "LocationType": "Backplane",
            "Reference": "Front"
        }
    },
    "Manufacturer": null,
    "Model": "BP_EXP 0:1",
    "Name": "BP_EXP 0:1",
    "Oem": {
        "Dell": {
            "@odata.type": "#DellOemEnclosureChassis.v1_0_0.DellOemEnclosureChassis",
            "DellChassisEnclosure": {
                "BackplaneType": "NotShared",
                "Connector": 0,
                "LastSystemInventoryTime": "2024-02-13T06:12:09-06:00",
                "LastUpdateTime": "2024-02-13T06:12:07-06:00",
                "RAIDEnclosureConfigMode": "None",
                "RAIDEnclosureConfigMode@Redfish.AllowableValues": [
                    "UnifiedMode",
                    "SplitMode",
                    "SplitMode-4:20",
                    "SplitMode-8:16",
                    "SplitMode-16:8",
                    "SplitMode-20:4"
                ],
                "RAIDMultipath": "Off",
                "TempProbeCount": 0,
                "Version": "1.61"
            }
        }
    },
    "PCIeDevices": {
        "@odata.id": "/redfish/v1/Chassis/Enclosure.Internal.0-1_NonRAID.Slot.3-1/PCIeDevices"
    },
    "PartNumber": null,
    "PowerState": "On",
    "PoweredByParent": true,
    "SKU": "",
    "SerialNumber": null,
    "Status": {
        "Health": "OK",
        "HealthRollup": "OK",
        "State": "Enabled"
    },
    "ThermalManagedByParent": true
}