{
    "@odata.context": "/redfish/v1/$metadata#PCIeDevice.PCIeDevice",
    "@odata.etag": "\"1707829992\"",
    "@odata.id": "/redfish/v1/Chassis/Enclosure.External.0-3_RAID.Slot.5-1/PCIeDevices/153-0",
    "@odata.type": "#PCIeDevice.v1_11_1.PCIeDevice",
    "AssetTag": null,
    "Description": "PERC H965e Adapter",
    "DeviceType": "SingleFunction",
    "FirmwareVersion": "8.8.0.0.18-17",
    "Id": "153-0",
    "Links": {
        "Chassis": [
            {
                "@odata.id": "/redfish/v1/Chassis/Enclosure.External.0-0_RAID.Slot.5-1"
            },
            {
                "@odata.id": "/redfish/v1/Chassis/Enclosure.External.0-1_RAID.Slot.5-1"
            },
            {
                "@odata.id": "/redfish/v1/Chassis/Enclosure.External.0-2_RAID.Slot.5-1"
            },
            {
                "@odata.id": "/redfish/v1/Chassis/Enclosure.External.0-3_RAID.Slot.5-1"
            }
        ],
        "Chassis@odata.count": 1,
        "PCIeFunctions": [
            {
                "@odata.id": "/redfish/v1/Chassis/Enclosure.External.0-0_RAID.Slot.5-1/PCIeDevices/153-0/PCIeFunctions/153-0-0"
            },
            {
                "@odata.id": "/redfish/v1/Chassis/Enclosure.External.0-1_RAID.Slot.5-1/PCIeDevices/153-0/PCIeFunctions/153-0-0"
            },
            {
                "@odata.id": "/redfish/v1/Chassis/Enclosure.External.0-2_RAID.Slot.5-1/PCIeDevices/153-0/PCIeFunctions/153-0-0"
            },
            {
                "@odata.id": "/redfish/v1/Chassis/Enclosure.External.0-3_RAID.Slot.5-1/PCIeDevices/153-0/PCIeFunctions/153-0-0"
            }
        ],
        "PCIeFunctions@odata.count": 4,
        "PCIeFunctions@Redfish.Deprecated": "Please migrate to PCIeFunctions property in the root resource."
    },
    "Manufacturer": "Broadcom / LSI",
    "Model": null,
    "Name": "PERC H965e Adapter",
    "PartNumber": "0VWHMH",
    "SKU": null,
    "SerialNumber": "0",
    "Status": {
        "State": "Enabled",
        "Health": "OK",
        "HealthRollup": "OK"
    },
    "PCIeFunctions": {
        "@odata.id": "/redfish/v1/Chassis/Enclosure.External.0-0_RAID.Slot.5-1/PCIeDevices/153-0/PCIeFunctions"
    }
}