{
    "@odata.context": "/redfish/v1/$metadata#Sensor.Sensor",
    "@odata.id": "/redfish/v1/Chassis/System.Embedded.1/Sensors/SystemBoardExhaustTemp",
    "@odata.type": "#Sensor.v1_7_0.Sensor",
    "Name": "System Board Exhaust Temp",
    "Id": "SystemBoardExhaustTemp",
    "Description": "Instance of Sensor Id",
    "ReadingType": "Temperature",
    "ReadingUnits": "Cel",
    "Status": {
        "Health": "OK",
        "State": "Enabled"
    },
    "Reading": 47.0,
    "PhysicalContext": "SystemBoard",
    "Oem": {
        "Dell": {
            "@odata.type": "#DellOemSensor.v1_0_0.DellOemSensor",
            "CurrentState": "Normal",
            "DeviceID": "iDRAC.Embedded.1#SystemBoardExhaustTemp",
            "PossibleStates": [
                "Unknown",
                "Fatal",
                "Normal",
                "Upper Fatal",
                "Upper Critical",
                "Upper Non-Critical",
                "Lower Non-Critical",
                "Lower Critical",
                "Lower Fatal"
            ],
            "PossibleStates@odata.count": 9,
            "RequestedState": "NotApplicable"
        }
    },
    "Thresholds": {
        "UpperCritical": {
            "Reading": 80
        },
        "UpperCaution": {
            "Reading": 75
        },
        "LowerCaution": {
            "Reading": 8
        },
        "LowerCritical": {
            "Reading": 3
        }
    }
}