{
    "@odata.type": "#Fan.v1_4_0.Fan",
    "Id": "Fan.LCC-B.1",
    "Name": "Fan 1 in LCC-B in Enclosure 1 on Connector 0 of Storage Controller in Slot 5",
    "Description": "Represents fan properties of the chassis",
    "Status": {
        "Health": "OK",
        "State": "Enabled"
    },
    "PhysicalContext": "Chassis",
    "SpeedPercent": {
        "SpeedRPM": 11250
    },
    "Location": {
        "PartLocation": {
            "ServiceLabel": "Enclosure Fan 4",
            "LocationType": "Bay"
        }
    },
    "Oem": {
        "Dell": {}
    },
    "@odata.id": "/redfish/v1/Chassis/Enclosure.External.0-1_RAID.Slot.5-1/ThermalSubsystem/Fans/Fan.LCC-B.1",
    "@odata.context": "/redfish/v1/$metadata#Fan.Fan"
}