{
    "@odata.context": "/redfish/v1/$metadata#Sensor.Sensor",
    "@odata.id": "/redfish/v1/Chassis/Enclosure.External.0-3_RAID.Slot.5-1/Sensors/Fan.LCC-B.3",
    "@odata.type": "#Sensor.v1_7_0.Sensor",
    "Name": "Peer fan module 5",
    "Id": "Fan.LCC-B.3",
    "Description": "Fan 3 in LCC-B in Enclosure 3 on Connector 0 of Storage Controller in Slot 5",
    "Reading": 4180.0,
    "ReadingType": "Rotational",
    "ReadingUnits": "RPM",
    "SpeedRPM": 4180,
    "Status": {
        "Health": "OK",
        "State": "Enabled"
    },
    "PhysicalContext": "Chassis"
}