{
    "@odata.context": "/redfish/v1/$metadata#PCIeSlots.PCIeSlots",
    "@odata.id": "/redfish/v1/Chassis/System.Embedded.1/PCIeSlots",
    "@odata.type": "#PCIeSlots.v1_5_0.PCIeSlots",
    "Description": "This Resource shall represent a set of PCIe slot information.",
    "Id": "PCIeSlots",
    "Name": "PCIeSlots",
    "Slots": [
        {
            "HotPluggable": false,
            "Lanes": 16,
            "Links": {
                "PCIeDevice": [
                    {
                        "@odata.id": "/redfish/v1/Chassis/System.Embedded.1/PCIeDevices/47-0"
                    }
                ],
                "PCIeDevice@odata.count": 1,
                "Processors": [
                    {
                        "@odata.id": "/redfish/v1/Systems/System.Embedded.1/Processors/CPU.Socket.1"
                    }
                ],
                "Processors@odata.count": 1,
                "Oem": {
                    "Dell": {
                        "@odata.type": "#DellOem.v1_3_0.DellOemLinks",
                        "CPUAffinity": [
                            {
                                "@odata.id": "/redfish/v1/Systems/System.Embedded.1/Processors/CPU.Socket.1"
                            }
                        ],
                        "CPUAffinity@odata.count": 1
                    }
                }
            },
            "Location": {
                "PartLocation": {
                    "LocationOrdinalValue": 3,
                    "LocationType": "Slot"
                }
            },
            "PCIeType": "Gen4",
            "SlotType": "HalfLength",
            "Status": {
                "State": "Enabled"
            },
            "Oem": {
                "Dell": {
                    "@odata.type": "#DellPCIeSlots.v1_0_0.DellPCIeSlots",
                    "SlotKey": "PCIe.Slot.3"
                }
            }
        },
        {
            "HotPluggable": false,
            "Lanes": 8,
            "Links": {
                "PCIeDevice": [
                    {
                        "@odata.id": "/redfish/v1/Chassis/System.Embedded.1/PCIeDevices/154-0"
                    }
                ],
                "PCIeDevice@odata.count": 1,
                "Processors": [
                    {
                        "@odata.id": "/redfish/v1/Systems/System.Embedded.1/Processors/CPU.Socket.2"
                    }
                ],
                "Processors@odata.count": 1,
                "Oem": {
                    "Dell": {
                        "@odata.type": "#DellOem.v1_3_0.DellOemLinks",
                        "CPUAffinity": [
                            {
                                "@odata.id": "/redfish/v1/Systems/System.Embedded.1/Processors/CPU.Socket.2"
                            }
                        ],
                        "CPUAffinity@odata.count": 1
                    }
                }
            },
            "Location": {
                "PartLocation": {
                    "LocationOrdinalValue": 4,
                    "LocationType": "Slot"
                }
            },
            "PCIeType": "Gen4",
            "SlotType": "HalfLength",
            "Status": {
                "State": "Enabled"
            },
            "Oem": {
                "Dell": {
                    "@odata.type": "#DellPCIeSlots.v1_0_0.DellPCIeSlots",
                    "SlotKey": "PCIe.Slot.4"
                }
            }
        },
        {
            "HotPluggable": false,
            "Lanes": 8,
            "Links": {
                "PCIeDevice": [
                    {
                        "@odata.id": "/redfish/v1/Chassis/System.Embedded.1/PCIeDevices/153-0"
                    }
                ],
                "PCIeDevice@odata.count": 1,
                "Processors": [
                    {
                        "@odata.id": "/redfish/v1/Systems/System.Embedded.1/Processors/CPU.Socket.2"
                    }
                ],
                "Processors@odata.count": 1,
                "Oem": {
                    "Dell": {
                        "@odata.type": "#DellOem.v1_3_0.DellOemLinks",
                        "CPUAffinity": [
                            {
                                "@odata.id": "/redfish/v1/Systems/System.Embedded.1/Processors/CPU.Socket.2"
                            }
                        ],
                        "CPUAffinity@odata.count": 1
                    }
                }
            },
            "Location": {
                "PartLocation": {
                    "LocationOrdinalValue": 5,
                    "LocationType": "Slot"
                }
            },
            "PCIeType": "Gen4",
            "SlotType": "HalfLength",
            "Status": {
                "State": "Enabled"
            },
            "Oem": {
                "Dell": {
                    "@odata.type": "#DellPCIeSlots.v1_0_0.DellPCIeSlots",
                    "SlotKey": "PCIe.Slot.5"
                }
            }
        },
        {
            "HotPluggable": false,
            "Lanes": 16,
            "Links": {
                "PCIeDevice": [
                    {
                        "@odata.id": "/redfish/v1/Chassis/System.Embedded.1/PCIeDevices/138-0"
                    }
                ],
                "PCIeDevice@odata.count": 1,
                "Processors": [
                    {
                        "@odata.id": "/redfish/v1/Systems/System.Embedded.1/Processors/CPU.Socket.2"
                    }
                ],
                "Processors@odata.count": 1,
                "Oem": {
                    "Dell": {
                        "@odata.type": "#DellOem.v1_3_0.DellOemLinks",
                        "CPUAffinity": [
                            {
                                "@odata.id": "/redfish/v1/Systems/System.Embedded.1/Processors/CPU.Socket.2"
                            }
                        ],
                        "CPUAffinity@odata.count": 1
                    }
                }
            },
            "Location": {
                "PartLocation": {
                    "LocationOrdinalValue": 6,
                    "LocationType": "Slot"
                }
            },
            "PCIeType": "Gen4",
            "SlotType": "HalfLength",
            "Status": {
                "State": "Enabled"
            },
            "Oem": {
                "Dell": {
                    "@odata.type": "#DellPCIeSlots.v1_0_0.DellPCIeSlots",
                    "SlotKey": "PCIe.Slot.6"
                }
            }
        },
        {
            "HotPluggable": false,
            "Lanes": 8,
            "Links": {
                "PCIeDevice": [],
                "PCIeDevice@odata.count": 0,
                "Processors": [
                    {
                        "@odata.id": "/redfish/v1/Systems/System.Embedded.1/Processors/CPU.Socket.1"
                    }
                ],
                "Processors@odata.count": 1,
                "Oem": {
                    "Dell": {
                        "@odata.type": "#DellOem.v1_3_0.DellOemLinks",
                        "CPUAffinity": [
                            {
                                "@odata.id": "/redfish/v1/Systems/System.Embedded.1/Processors/CPU.Socket.1"
                            }
                        ],
                        "CPUAffinity@odata.count": 1
                    }
                }
            },
            "Location": {
                "PartLocation": {
                    "LocationOrdinalValue": 1,
                    "LocationType": "Slot"
                }
            },
            "PCIeType": "Gen5",
            "SlotType": "HalfLength",
            "Status": {
                "State": "Enabled"
            },
            "Oem": {
                "Dell": {
                    "@odata.type": "#DellPCIeSlots.v1_0_0.DellPCIeSlots",
                    "SlotKey": "PCIe.Slot.1"
                }
            }
        },
        {
            "HotPluggable": false,
            "Lanes": 8,
            "Links": {
                "PCIeDevice": [],
                "PCIeDevice@odata.count": 0,
                "Processors": [
                    {
                        "@odata.id": "/redfish/v1/Systems/System.Embedded.1/Processors/CPU.Socket.1"
                    }
                ],
                "Processors@odata.count": 1,
                "Oem": {
                    "Dell": {
                        "@odata.type": "#DellOem.v1_3_0.DellOemLinks",
                        "CPUAffinity": [
                            {
                                "@odata.id": "/redfish/v1/Systems/System.Embedded.1/Processors/CPU.Socket.1"
                            }
                        ],
                        "CPUAffinity@odata.count": 1
                    }
                }
            },
            "Location": {
                "PartLocation": {
                    "LocationOrdinalValue": 2,
                    "LocationType": "Slot"
                }
            },
            "PCIeType": "Gen5",
            "SlotType": "HalfLength",
            "Status": {
                "State": "Enabled"
            },
            "Oem": {
                "Dell": {
                    "@odata.type": "#DellPCIeSlots.v1_0_0.DellPCIeSlots",
                    "SlotKey": "PCIe.Slot.2"
                }
            }
        },
        {
            "HotPluggable": false,
            "Lanes": 8,
            "Links": {
                "PCIeDevice": [],
                "PCIeDevice@odata.count": 0,
                "Processors": [
                    {
                        "@odata.id": "/redfish/v1/Systems/System.Embedded.1/Processors/CPU.Socket.2"
                    }
                ],
                "Processors@odata.count": 1,
                "Oem": {
                    "Dell": {
                        "@odata.type": "#DellOem.v1_3_0.DellOemLinks",
                        "CPUAffinity": [
                            {
                                "@odata.id": "/redfish/v1/Systems/System.Embedded.1/Processors/CPU.Socket.2"
                            }
                        ],
                        "CPUAffinity@odata.count": 1
                    }
                }
            },
            "Location": {
                "PartLocation": {
                    "LocationOrdinalValue": 7,
                    "LocationType": "Slot"
                }
            },
            "PCIeType": "Gen5",
            "SlotType": "HalfLength",
            "Status": {
                "State": "Enabled"
            },
            "Oem": {
                "Dell": {
                    "@odata.type": "#DellPCIeSlots.v1_0_0.DellPCIeSlots",
                    "SlotKey": "PCIe.Slot.7"
                }
            }
        },
        {
            "HotPluggable": false,
            "Lanes": 8,
            "Links": {
                "PCIeDevice": [],
                "PCIeDevice@odata.count": 0,
                "Processors": [
                    {
                        "@odata.id": "/redfish/v1/Systems/System.Embedded.1/Processors/CPU.Socket.2"
                    }
                ],
                "Processors@odata.count": 1,
                "Oem": {
                    "Dell": {
                        "@odata.type": "#DellOem.v1_3_0.DellOemLinks",
                        "CPUAffinity": [
                            {
                                "@odata.id": "/redfish/v1/Systems/System.Embedded.1/Processors/CPU.Socket.2"
                            }
                        ],
                        "CPUAffinity@odata.count": 1
                    }
                }
            },
            "Location": {
                "PartLocation": {
                    "LocationOrdinalValue": 8,
                    "LocationType": "Slot"
                }
            },
            "PCIeType": "Gen5",
            "SlotType": "HalfLength",
            "Status": {
                "State": "Enabled"
            },
            "Oem": {
                "Dell": {
                    "@odata.type": "#DellPCIeSlots.v1_0_0.DellPCIeSlots",
                    "SlotKey": "PCIe.Slot.8"
                }
            }
        }
    ],
    "Slots@odata.count": 8
}