{
    "@odata.context": "/redfish/v1/$metadata#Certificate.Certificate",
    "@odata.id": "/redfish/v1/Chassis/System.Embedded.1/TrustedComponents/TPM/Certificates/SecurityCertificate.3",
    "@odata.type": "#Certificate.v1_7_0.Certificate",
    "Name": "TPM_IAK Certificate",
    "Id": "SecurityCertificate.3",
    "Description": "Certificate is used for Host Attestation",
    "ValidNotAfter": "0000-0-00T00:00:00+00:00",
    "Subject": {
        "CommonName": "",
        "Organization": "",
        "City": "",
        "Country": "",
        "Email": null,
        "OrganizationalUnit": "",
        "State": ""
    },
    "Issuer": {
        "CommonName": "",
        "Organization": "",
        "City": "",
        "Country": "",
        "Email": null,
        "OrganizationalUnit": "",
        "State": ""
    },
    "ValidNotBefore": "0000-0-00T00:00:00+00:00",
    "SerialNumber": "",
    "CertificateUsageTypes": [
        "Platform"
    ]
}