{
    "@odata.context": "/redfish/v1/$metadata#PCIeFunction.PCIeFunction",
    "@odata.etag": "\"1707829990\"",
    "@odata.type": "#PCIeFunction.v1_5_0.PCIeFunction",
    "@odata.id": "/redfish/v1/Chassis/System.Embedded.1/PCIeDevices/0-31/PCIeFunctions/0-31-0",
    "ClassCode": "0x060100",
    "Description": "Intel Corporation",
    "DeviceClass": "Bridge",
    "DeviceId": "0x1b81",
    "Enabled": true,
    "FunctionId": 0,
    "FunctionType": "Physical",
    "Id": "0-31-0",
    "Links": {
        "StorageControllers": [],
        "StorageControllers@odata.count": 0,
        "Drives": [],
        "Drives@odata.count": 0,
        "EthernetInterfaces": [],
        "EthernetInterfaces@odata.count": 0,
        "PCIeDevice": {
            "@odata.id": "/redfish/v1/Chassis/System.Embedded.1/PCIeDevices/0-31"
        }
    },
    "Name": "Intel Corporation",
    "Oem": {
        "Dell": {
            "@odata.type": "#DellChassisPCIeFunction.v1_1_0.DellPCIeFunction",
            "DellPCIeFunction": {
                "DataBusWidth": "Unknown",
                "LastSystemInventoryTime": "2024-02-13T13:12:56+00:00",
                "LastUpdateTime": "2023-08-26T23:00:55+00:00",
                "SlotLength": "Unknown",
                "SlotType": "Unknown",
                "Id": "ISABridge.Embedded.1-1"
            }
        }
    },
    "RevisionId": "0x11",
    "Status": {
        "State": "Enabled",
        "Health": "OK",
        "HealthRollup": "OK"
    },
    "SubsystemId": "0x0a6b",
    "SubsystemVendorId": "0x1028",
    "VendorId": "0x8086"
}