{
    "@odata.context": "/redfish/v1/$metadata#PowerSubsystem.PowerSubsystem",
    "@odata.id": "/redfish/v1/Chassis/Enclosure.External.0-1_RAID.Slot.5-1/PowerSubsystem",
    "@odata.type": "#PowerSubsystem.v1_1_0.PowerSubsystem",
    "Description": "Represents the properties of a Power Subsystem of the Enclosure",
    "Name": "Power Subsystem for Enclosure",
    "PowerSupplies": {
        "@odata.id": "/redfish/v1/Chassis/Enclosure.External.0-1_RAID.Slot.5-1/PowerSubsystem/PowerSupplies"
    },
    "Status": {
        "State": "Enabled",
        "Health": "OK"
    },
    "Id": "PowerSubsystem"
}