{
    "@Redfish.Settings": {
        "@odata.context": "/redfish/v1/$metadata#Settings.Settings",
        "@odata.type": "#Settings.v1_3_5.Settings",
        "SettingsObject": {
            "@odata.id": "/redfish/v1/Systems/System.Embedded.1/NetworkAdapters/NIC.Slot.4/NetworkDeviceFunctions/NIC.Slot.4-1-1/Settings"
        },
        "SupportedApplyTimes": [
            "OnReset",
            "AtMaintenanceWindowStart",
            "InMaintenanceWindowOnReset"
        ]
    },
    "@odata.context": "/redfish/v1/$metadata#NetworkDeviceFunction.NetworkDeviceFunction",
    "@odata.id": "/redfish/v1/Chassis/System.Embedded.1/NetworkAdapters/NIC.Slot.4/NetworkDeviceFunctions/NIC.Slot.4-1-1",
    "@odata.type": "#NetworkDeviceFunction.v1_9_0.NetworkDeviceFunction",
    "AssignablePhysicalPorts": [
        {
            "@odata.id": "/redfish/v1/Chassis/System.Embedded.1/NetworkAdapters/NIC.Slot.4/NetworkPorts/NIC.Slot.4-1"
        }
    ],
    "AssignablePhysicalPorts@odata.count": 1,
    "AssignablePhysicalNetworkPorts": [
        {
            "@odata.id": "/redfish/v1/Chassis/System.Embedded.1/NetworkAdapters/NIC.Slot.4/Ports/NIC.Slot.4-1"
        }
    ],
    "Description": "NetworkDeviceFunction",
    "Ethernet": {
        "MACAddress": "B4:83:51:0A:D1:84",
        "MTUSize": null,
        "PermanentMACAddress": "B4:83:51:0A:D1:84",
        "VLAN": {}
    },
    "FibreChannel": {
        "BootTargets": [
            {
                "LUNID": null,
                "WWPN": null
            }
        ],
        "BootTargets@odata.count": 1,
        "FCoEActiveVLANId": null,
        "FCoELocalVLANId": null,
        "PermanentWWNN": null,
        "PermanentWWPN": null,
        "WWNN": null,
        "WWNSource": null,
        "WWPN": null
    },
    "Id": "NIC.Slot.4-1-1",
    "Links": {
        "PhysicalPortAssignment": {
            "@odata.id": "/redfish/v1/Chassis/System.Embedded.1/NetworkAdapters/NIC.Slot.4/NetworkPorts/NIC.Slot.4-1"
        },
        "PhysicalNetworkPortAssignment": {
            "@odata.id": "/redfish/v1/Chassis/System.Embedded.1/NetworkAdapters/NIC.Slot.4/Ports/NIC.Slot.4-1"
        },
        "Oem": {
            "Dell": {
                "@odata.type": "#DellOem.v1_3_0.DellOemLinks",
                "DellNetworkAttributes": {
                    "@odata.id": "/redfish/v1/Chassis/System.Embedded.1/NetworkAdapters/NIC.Slot.4/NetworkDeviceFunctions/NIC.Slot.4-1-1/Oem/Dell/DellNetworkAttributes/NIC.Slot.4-1-1"
                },
                "CPUAffinity": [
                    {
                        "@odata.id": "/redfish/v1/Systems/System.Embedded.1/Processors/CPU.Socket.2"
                    }
                ],
                "CPUAffinity@odata.count": 1
            }
        }
    },
    "MaxVirtualFunctions": 256,
    "Name": "NetworkDeviceFunction",
    "NetDevFuncCapabilities": [
        "Disabled",
        "Ethernet"
    ],
    "NetDevFuncCapabilities@odata.count": 2,
    "NetDevFuncType": "Ethernet",
    "Oem": {
        "Dell": {
            "@odata.type": "#DellOem.v1_3_0.DellOemResources",
            "DellNIC": {
                "BusNumber": 154,
                "CableLengthMetres": null,
                "ControllerBIOSVersion": null,
                "DataBusWidth": "8XOrX8",
                "DeviceDescription": "NIC in Slot 4 Port 1 Partition 1",
                "EFIVersion": "4.1.05",
                "FCOSDriverVersion": null,
                "FCoEOSDriverVersion": null,
                "FCoEOffloadMode": "Unknown",
                "FQDD": "NIC.Slot.4-1-1",
                "FamilyVersion": "22.5.7",
                "Id": "NIC.Slot.4-1-1",
                "ISCSIOSDriverVersion": null,
                "IdentifierType": null,
                "InstanceID": "NIC.Slot.4-1-1",
                "LANDriverVersion": "",
                "LastSystemInventoryTime": "2024-02-13T10:07:02+00:00",
                "LastUpdateTime": "2024-01-23T07:25:54+00:00",
                "LinkDuplex": "Unknown",
                "MaxBandwidthPercent": 0,
                "MediaType": "SFF_CAGE",
                "MinBandwidthPercent": 0,
                "Name": "DellNIC",
                "NicMode": "Unknown",
                "PCIDeviceID": "159b",
                "PCISubDeviceID": "0002",
                "PCISubVendorID": "8086",
                "PCIVendorID": "8086",
                "PartNumber": "0CD16M",
                "PermanentFCOEMACAddress": null,
                "PermanentFIPAddress": null,
                "PermanentiSCSIMACAddress": null,
                "ProductName": "Intel(R) Ethernet 25G 2P E810-XXV Adapter - B4:83:51:0A:D1:84",
                "Protocol": "NIC,RDMA",
                "RDMAOSDriverVersion": null,
                "Revision": null,
                "SNAPIState": "Disabled",
                "SNAPISupport": "NotAvailable",
                "SerialNumber": "MYFLMIT33T02GG",
                "SlotLength": "ShortLength",
                "SlotType": "PCIExpressGen4",
                "TransceiverPartNumber": null,
                "TransceiverSerialNumber": null,
                "TransceiverVendorName": null,
                "VPISupport": "NotAvailable",
                "VendorName": "Intel Corp",
                "VirtualFIPAddress": null,
                "VirtualISCSIAddress": null,
                "iScsiOffloadMode": "Unknown",
                "@odata.context": "/redfish/v1/$metadata#DellNIC.DellNIC",
                "@odata.type": "#DellNIC.v1_7_0.DellNIC",
                "@odata.id": "/redfish/v1/Chassis/System.Embedded.1/NetworkAdapters/NIC.Slot.4/NetworkDeviceFunctions/NIC.Slot.4-1-1/Oem/Dell/DellNIC/NIC.Slot.4-1-1"
            },
            "DellNICPortMetrics": {
                "DiscardedPkts": 0,
                "FCCRCErrorCount": null,
                "FCOELinkFailures": null,
                "FCOEPktRxCount": null,
                "FCOEPktTxCount": null,
                "FCOERxPktDroppedCount": null,
                "FQDD": "NIC.Slot.4-1-1",
                "Id": "NIC.Slot.4-1-1",
                "LanFCSRxErrors": null,
                "LanUnicastPktRXCount": null,
                "LanUnicastPktTXCount": null,
                "Name": "DellNICPortMetrics",
                "OSDriverState": "Non-operational",
                "PartitionLinkStatus": null,
                "PartitionOSDriverState": null,
                "RDMARxTotalBytes": 0,
                "RDMARxTotalPackets": 0,
                "RDMATotalProtectionErrors": null,
                "RDMATotalProtocolErrors": null,
                "RDMATxTotalBytes": 0,
                "RDMATxTotalPackets": 0,
                "RDMATxTotalReadReqPkts": 0,
                "RDMATxTotalSendPkts": 0,
                "RDMATxTotalWritePkts": 0,
                "RXInputPowermW": null,
                "RXInputPowerStatus": null,
                "RxBroadcast": 0,
                "RxBytes": 0,
                "RxErrorPktAlignmentErrors": null,
                "RxErrorPktFCSErrors": 0,
                "RxFalseCarrierDetection": null,
                "RxJabberPkt": 0,
                "RxMutlicastPackets": 0,
                "RxPauseXOFFFrames": 0,
                "RxPauseXONFrames": 0,
                "RxRuntPkt": 0,
                "RxUnicastPackets": 0,
                "StartStatisticTime": "2024-02-13T06:14:20-06:00",
                "StatisticTime": "2024-02-13T08:37:45-06:00",
                "TXBiasCurrentmA": null,
                "TXBiasCurrentStatus": null,
                "TXOutputPowermW": null,
                "TXOutputPowerStatus": null,
                "TemperatureCelsius": null,
                "TemperatureStatus": null,
                "TxBroadcast": 0,
                "TxBytes": 0,
                "TxErrorPktExcessiveCollision": null,
                "TxErrorPktLateCollision": null,
                "TxErrorPktMultipleCollision": null,
                "TxErrorPktSingleCollision": null,
                "TxMutlicastPackets": 0,
                "TxPauseXOFFFrames": 0,
                "TxPauseXONFrames": 0,
                "TxUnicastPackets": 0,
                "VoltageStatus": null,
                "VoltageValueVolts": null,
                "@odata.context": "/redfish/v1/$metadata#DellNICPortMetrics.DellNICPortMetrics",
                "@odata.type": "#DellNICPortMetrics.v1_1_1.DellNICPortMetrics",
                "@odata.id": "/redfish/v1/Chassis/System.Embedded.1/NetworkAdapters/NIC.Slot.4/NetworkDeviceFunctions/NIC.Slot.4-1-1/Oem/Dell/DellNICPortMetrics/NIC.Slot.4-1-1"
            },
            "DellNICCapabilities": {
                "BPESupport": "NotSupported",
                "CongestionNotification": "Supported",
                "DCBExchangeProtocol": "Supported",
                "ETS": "Supported",
                "EVBModesSupport": "NotSupported",
                "FCoEBootSupport": "NotSupported",
                "FCoEMaxIOsPerSession": 0,
                "FCoEMaxNPIVPerPort": 0,
                "FCoEMaxNumberExchanges": 0,
                "FCoEMaxNumberLogins": 0,
                "FCoEMaxNumberOfFCTargets": 0,
                "FCoEMaxNumberOutStandingCommands": 0,
                "FCoEOffloadSupport": "NotSupported",
                "FeatureLicensingSupport": "NotSupported",
                "FlexAddressingSupport": "Supported",
                "Id": "NIC.Slot.4-1-1",
                "IPSecOffloadSupport": "NotSupported",
                "MACSecSupport": "NotSupported",
                "Name": "DellNICCapabilities",
                "NicPartitioningSupport": "NotSupported",
                "NWManagementPassThrough": "NotSupported",
                "OSBMCManagementPassThrough": "NotSupported",
                "OnChipThermalSensor": "Supported",
                "OpenFlowSupport": "NotSupported",
                "PXEBootSupport": "Supported",
                "PartitionWOLSupport": "NotSupported",
                "PersistencePolicySupport": "Supported",
                "PriorityFlowControl": "Supported",
                "RDMASupport": "Supported",
                "RemotePHY": "NotSupported",
                "TCPChimneySupport": "NotSupported",
                "TCPOffloadEngineSupport": "NotSupported",
                "VEB": "Supported",
                "VEBVEPAMultiChannel": "NotSupported",
                "VEBVEPASingleChannel": "Supported",
                "VirtualLinkControl": "NotSupported",
                "iSCSIBootSupport": "NotSupported",
                "iSCSIOffloadSupport": "NotSupported",
                "uEFISupport": "Supported",
                "@odata.context": "/redfish/v1/$metadata#DellNICCapabilities.DellNICCapabilities",
                "@odata.type": "#DellNICCapabilities.v1_2_0.DellNICCapabilities",
                "@odata.id": "/redfish/v1/Chassis/System.Embedded.1/NetworkAdapters/NIC.Slot.4/NetworkDeviceFunctions/NIC.Slot.4-1-1/Oem/Dell/DellNICCapabilities/NIC.Slot.4-1-1"
            }
        }
    },
    "PhysicalPortAssignment": {
        "@odata.id": "/redfish/v1/Chassis/System.Embedded.1/NetworkAdapters/NIC.Slot.4/NetworkPorts/NIC.Slot.4-1"
    },
    "PhysicalPortAssignment@Redfish.Deprecated": "This property has been deprecated and moved to the Links property to avoid loops on expand.",
    "Status": {
        "State": "Disabled",
        "Health": "OK",
        "HealthRollup": "OK"
    },
    "iSCSIBoot": {}
}