{
    "@odata.context": "/redfish/v1/$metadata#Assembly.Assembly",
    "@odata.type": "#Assembly.v1_4_0.Assembly",
    "@odata.id": "/redfish/v1/Chassis/System.Embedded.1/PowerSubsystem/PowerSupplies/PSU.Slot.2/Assembly",
    "Assemblies": [
        {
            "@odata.type": "#Assembly.v1_4_0.AssemblyData",
            "@odata.id": "/redfish/v1/Chassis/System.Embedded.1/PowerSubsystem/PowerSupplies/PSU.Slot.2/Assembly#/Assemblies/0",
            "BinaryDataURI": null,
            "Description": "PWR SPLY,2400W,RDNT,ARTESYN",
            "EngineeringChangeLevel": "A04",
            "MemberId": "0",
            "Model": "PWR SPLY,2400W,RDNT,ARTESYN",
            "Name": "PSU.Slot.2#FRU",
            "Oem": {
                "Dell": {
                    "@odata.type": "#DellOem.v1_3_0.DellOemResources",
                    "DellAssembly": {
                        "Description": "This resource shall be used to represent an assembly information.",
                        "DeviceFQDD": "PSU.Slot.2",
                        "Id": "PSU.Slot.2_0x23_FRU",
                        "Name": "DellAssembly",
                        "PackageType": "PowerSupply",
                        "SerialNumber": "PHARP00321003Z",
                        "@odata.context": "/redfish/v1/$metadata#DellAssembly.DellAssembly",
                        "@odata.type": "#DellAssembly.v1_0_0.DellAssembly",
                        "@odata.id": "/redfish/v1/Chassis/System.Embedded.1/Oem/Dell/DellAssembly/PSU.Slot.2_0x23_FRU"
                    }
                }
            },
            "PartNumber": "07GN3C",
            "Producer": "DELL",
            "ProductionDate": "2023-02-01T00:00:00Z",
            "SKU": null,
            "SparePartNumber": null,
            "Vendor": "DELL",
            "Version": null
        }
    ],
    "Assemblies@odata.count": 1,
    "Description": "Represents the properties of Assembly for the device",
    "Id": "Assembly",
    "Name": "PSU.Slot.2#FRU"
}