{
    "@odata.context": "/redfish/v1/$metadata#PCIeFunctionCollection.PCIeFunctionCollection",
    "@odata.id": "/redfish/v1/Chassis/Enclosure.External.0-0_RAID.Slot.5-1/PCIeDevices/153-0/PCIeFunctions",
    "@odata.type": "#PCIeFunctionCollection.PCIeFunctionCollection",
    "Description": "Collection of PCIeFunctions",
    "Members": [
        {
            "@odata.id": "/redfish/v1/Chassis/Enclosure.External.0-0_RAID.Slot.5-1/PCIeDevices/153-0/PCIeFunctions/153-0-0"
        },
        {
            "@odata.id": "/redfish/v1/Chassis/Enclosure.External.0-1_RAID.Slot.5-1/PCIeDevices/153-0/PCIeFunctions/153-0-0"
        },
        {
            "@odata.id": "/redfish/v1/Chassis/Enclosure.External.0-2_RAID.Slot.5-1/PCIeDevices/153-0/PCIeFunctions/153-0-0"
        },
        {
            "@odata.id": "/redfish/v1/Chassis/Enclosure.External.0-3_RAID.Slot.5-1/PCIeDevices/153-0/PCIeFunctions/153-0-0"
        }
    ],
    "Members@odata.count": 4,
    "Name": "PCIeFunction Collection"
}