{
    "@odata.context": "/redfish/v1/$metadata#PowerSupply.PowerSupply",
    "@odata.type": "#PowerSupply.v1_5_1.PowerSupply",
    "@odata.id": "/redfish/v1/Chassis/Enclosure.External.0-1_RAID.Slot.5-1/PowerSubsystem/PowerSupplies/PSU.Slot.B",
    "Description": "PSU B in Enclosure 1 on Connector 0 of RAID Controller in Slot 5",
    "Id": "PSU.Slot.B",
    "Name": "Local Power Supply",
    "Oem": {
        "Dell": {
            "@odata.type": "#DellOemPower.v1_0_0.DellOemPower",
            "DellEnclosurePowerSupply": {
                "FQDD": "PSU.Slot.B:Enclosure.External.0-1:RAID.Slot.5-1",
                "PartNumber": "04H60R",
                "PrimaryStatus": "OK"
            }
        }
    },
    "PartNumber": "04H60R",
    "Status": {
        "Health": "OK",
        "HealthRollup": "OK",
        "State": "Enabled"
    }
}