{
    "@Redfish.Settings": {
        "@odata.context": "/redfish/v1/$metadata#Settings.Settings",
        "@odata.type": "#Settings.v1_3_5.Settings",
        "SettingsObject": {
            "@odata.id": "/redfish/v1/Chassis/Enclosure.Internal.0-1_NonRAID.SL.3-1/Settings"
        },
        "SupportedApplyTimes": [
            "Immediate",
            "OnReset",
            "AtMaintenanceWindowStart",
            "InMaintenanceWindowOnReset"
        ]
    },
    "@odata.context": "/redfish/v1/$metadata#Chassis.Chassis",
    "@odata.id": "/redfish/v1/Chassis/Enclosure.Internal.0-1_NonRAID.SL.3-1",
    "@odata.type": "#Chassis.v1_23_0.Chassis",
    "Actions": {},
    "AssetTag": "",
    "ChassisType": "StorageEnclosure",
    "Description": "Backplane 1 on Connector 0 of Storage Controller in SL 3",
    "Id": "Enclosure.Internal.0-1:NonRAID.SL.3-1",
    "Links": {
        "ContainedBy": {
            "@odata.id": "/redfish/v1/Chassis/System.Embedded.1"
        },
        "Contains": [],
        "Contains@odata.count": 0,
        "Drives": [
            {
                "@odata.id": "/redfish/v1/Systems/System.Embedded.1/Storage/NonRAID.SL.3-1/Drives/Disk.Bay.0_Enclosure.Internal.0-1_NonRAID.SL.3-1"
            },
            {
                "@odata.id": "/redfish/v1/Systems/System.Embedded.1/Storage/NonRAID.SL.3-1/Drives/Disk.Bay.1_Enclosure.Internal.0-1_NonRAID.SL.3-1"
            },
            {
                "@odata.id": "/redfish/v1/Systems/System.Embedded.1/Storage/NonRAID.SL.3-1/Drives/Disk.Bay.2_Enclosure.Internal.0-1_NonRAID.SL.3-1"
            },
            {
                "@odata.id": "/redfish/v1/Systems/System.Embedded.1/Storage/NonRAID.SL.3-1/Drives/Disk.Bay.3_Enclosure.Internal.0-1_NonRAID.SL.3-1"
            }
        ],
        "Drives@odata.count": 4,
        "ManagedBy": [
            {
                "@odata.id": "/redfish/v1/Managers/iDRAC.Embedded.1"
            }
        ],
        "ManagedBy@odata.count": 1,
        "PCIeDevices": [
            {
                "@odata.id": "/redfish/v1/Chassis/System.Embedded.1/PCIeDevices/63-0"
            }
        ],
        "PCIeDevices@Redfish.Deprecated": "Please migrate to use /redfish/v1/Chassis/Enclosure.Internal.0-1:NonRAID.SL.3-1/PCIeDevices",
        "PCIeDevices@odata.count": 1,
        "Storage": [
            {
                "@odata.id": "/redfish/v1/Systems/System.Embedded.1/Storage/NonRAID.SL.3-1"
            }
        ],
        "Storage@odata.count": 1
    },
    "Location": {
        "Oem": {
            "Dell": {
                "@odata.type": "#DellLocation.v1_2_0.DellLocation",
                "PartLocation": {
                    "ExtendedReference": "Front"
                }
            }
        },
        "PartLocation": {
            "LocationType": "Backplane",
            "Reference": "Front"
        }
    },
    "Manufacturer": null,
    "Model": "BP_EXP 0:1",
    "Name": "BP_EXP 0:1",
    "Oem": {
        "Dell": {
            "@odata.type": "#DellOemEnclosureChassis.v1_0_0.DellOemEnclosureChassis",
            "DellChassisEnclosure": {
                "AssetName": null,
                "BackplaneType": "NotShared",
                "Connector": 0,
                "LastSystemInventoryTime": "2024-02-13T06:12:09-06:00",
                "LastUpdateTime": "2024-02-13T06:12:07-06:00",
                "Links": {
                    "DellEnclosureEMMCollection": [],
                    "DellEnclosureEMMCollection@odata.count": 0
                },
                "RAIDEnclosureConfigMode": "SplitMode-4:20",
                "RAIDEnclosureConfigMode@Redfish.AllowableValues": [
                    "UnifiedMode",
                    "SplitMode",
                    "SplitMode-4:20",
                    "SplitMode-8:16",
                    "SplitMode-16:8",
                    "SplitMode-20:4"
                ],
                "RAIDMultipath": "Off",
                "ServiceTag": null,
                "SlotCount": 24,
                "TempProbeCount": 0,
                "Version": "1.61",
                "WiredOrder": 1
            },
            "DellEnclosure": {
                "@odata.context": "/redfish/v1/$metadata#DellEnclosure.DellEnclosure",
                "@odata.id": "/redfish/v1/Chassis/Enclosure.Internal.0-1_NonRAID.SL.3-1/Oem/Dell/DellEnclosures/Enclosure.Internal.0-1_NonRAID.SL.3-1",
                "@odata.type": "#DellEnclosure.v1_1_0.DellEnclosure",
                "AssetName": null,
                "Connector": 0,
                "Description": "An instance of DellEnclosure will have storage enclosure specific data.",
                "Id": "Enclosure.Internal.0-1:NonRAID.SL.3-1",
                "LastSystemInventoryTime": "2024-02-13T12:12:09+00:00",
                "LastUpdateTime": "2024-02-13T12:12:07+00:00",
                "Links": {
                    "DellEnclosureEMMCollection": [],
                    "DellEnclosureEMMCollection@odata.count": 0
                },
                "Name": "DellEnclosure",
                "ServiceTag": null,
                "SlotCount": 24,
                "TempProbeCount": 0,
                "Version": "1.61",
                "WiredOrder": 1
            },
            "DellEnclosure@Redfish.Deprecated": "Please migrate to use DellChassisEnclosure"
        }
    },
    "PCIeDevices": {
        "@odata.id": "/redfish/v1/Chassis/Enclosure.Internal.0-1_NonRAID.SL.3-1/PCIeDevices"
    },
    "PartNumber": null,
    "PowerState": "On",
    "PoweredByParent": true,
    "SKU": "",
    "SerialNumber": null,
    "Status": {
        "Health": "OK",
        "HealthRollup": "OK",
        "State": "Enabled"
    },
    "ThermalManagedByParent": true
}