{
    "@odata.context": "/redfish/v1/$metadata#Power.Power",
    "@odata.id": "/redfish/v1/Chassis/Enclosure.External.0-2_RAID.Slot.5-1/Power",
    "@odata.type": "#Power.v1_7_1.Power",
    "Description": "Power",
    "Id": "Power",
    "Name": "Power",
    "PowerControl": [],
    "PowerControl@odata.count": 0,
    "PowerSupplies": [
        {
            "@odata.id": "/redfish/v1/Chassis/Enclosure.External.0-2_RAID.Slot.5-1/Power#/PowerSupplies/1",
            "LineInputVoltageType": "Unknown",
            "MemberId": "1",
            "Name": "Local Power Supply",
            "Oem": {
                "Dell": {
                    "DellEnclosurePowerSupply": {
                        "@odata.context": "/redfish/v1/$metadata#DellEnclosurePowerSupply.DellEnclosurePowerSupply",
                        "@odata.id": "/redfish/v1/Chassis/Enclosure.External.0-2_RAID.Slot.5-1/Power/Oem/Dell/DellEnclosurePowerSupply/PSU.Slot.B_Enclosure.External.0-2_RAID.Slot.5-1",
                        "@odata.type": "#DellEnclosurePowerSupply.v1_0_0.DellEnclosurePowerSupply",
                        "Description": "An instance of DellEnclosurePowerSupply will have Storage Enclosure power supply unit specific data.",
                        "FQDD": "PSU.Slot.B:Enclosure.External.0-2:RAID.Slot.5-1",
                        "Id": "PSU.Slot.B:Enclosure.External.0-2:RAID.Slot.5-1",
                        "Name": "DellEnclosurePowerSupply",
                        "PartNumber": "04H60R",
                        "PrimaryStatus": "OK"
                    }
                }
            },
            "PartNumber": "04H60R",
            "PowerSupplyType": "Unknown",
            "RelatedItem": [
                {
                    "@odata.id": "/redfish/v1/Chassis/Enclosure.External.0-2_RAID.Slot.5-1"
                }
            ],
            "RelatedItem@odata.count": 1,
            "Status": {
                "Health": "OK",
                "HealthRollup": "OK",
                "State": "Enabled"
            }
        },
        {
            "@odata.id": "/redfish/v1/Chassis/Enclosure.External.0-2_RAID.Slot.5-1/Power#/PowerSupplies/0",
            "LineInputVoltageType": "Unknown",
            "MemberId": "0",
            "Name": "Peer Power Supply",
            "Oem": {
                "Dell": {
                    "DellEnclosurePowerSupply": {
                        "@odata.context": "/redfish/v1/$metadata#DellEnclosurePowerSupply.DellEnclosurePowerSupply",
                        "@odata.id": "/redfish/v1/Chassis/Enclosure.External.0-2_RAID.Slot.5-1/Power/Oem/Dell/DellEnclosurePowerSupply/PSU.Slot.A_Enclosure.External.0-2_RAID.Slot.5-1",
                        "@odata.type": "#DellEnclosurePowerSupply.v1_0_0.DellEnclosurePowerSupply",
                        "Description": "An instance of DellEnclosurePowerSupply will have Storage Enclosure power supply unit specific data.",
                        "FQDD": "PSU.Slot.A:Enclosure.External.0-2:RAID.Slot.5-1",
                        "Id": "PSU.Slot.A:Enclosure.External.0-2:RAID.Slot.5-1",
                        "Name": "DellEnclosurePowerSupply",
                        "PartNumber": "04H60R",
                        "PrimaryStatus": "Error"
                    }
                }
            },
            "PartNumber": "04H60R",
            "PowerSupplyType": "Unknown",
            "RelatedItem": [
                {
                    "@odata.id": "/redfish/v1/Chassis/Enclosure.External.0-2_RAID.Slot.5-1"
                }
            ],
            "RelatedItem@odata.count": 1,
            "Status": {
                "Health": "Critical",
                "HealthRollup": "Critical",
                "State": "Enabled"
            }
        }
    ],
    "PowerSupplies@odata.count": 2,
    "Redundancy": [],
    "Redundancy@odata.count": 0,
    "Voltages": [],
    "Voltages@odata.count": 0
}