{
    "@odata.context": "/redfish/v1/$metadata#Assembly.Assembly",
    "@odata.type": "#Assembly.v1_4_0.Assembly",
    "@odata.id": "/redfish/v1/Chassis/System.Embedded.1/Assembly",
    "Assemblies": [
        {
            "@odata.context": "/redfish/v1/$metadata#Assembly.Assembly",
            "@odata.id": "/redfish/v1/Chassis/System.Embedded.1/Assembly#/Assemblies/0",
            "@odata.type": "#Assembly.v1_4_0.AssemblyData",
            "BinaryDataURI": null,
            "Description": "PWR SPLY,2400W,RDNT,ARTESYN",
            "EngineeringChangeLevel": "A04",
            "MemberId": "0",
            "Model": "PWR SPLY,2400W,RDNT,ARTESYN",
            "Name": "PSU.Slot.1#FRU",
            "Oem": {
                "Dell": {
                    "@odata.type": "#DellOem.v1_3_0.DellOemResources",
                    "DellAssembly": {
                        "Description": "This resource shall be used to represent an assembly information.",
                        "DeviceFQDD": "PSU.Slot.1",
                        "Id": "PSU.Slot.1_0x23_FRU",
                        "Name": "DellAssembly",
                        "PackageType": "PowerSupply",
                        "SerialNumber": "PHARP00321003W",
                        "@odata.context": "/redfish/v1/$metadata#DellAssembly.DellAssembly",
                        "@odata.type": "#DellAssembly.v1_0_0.DellAssembly",
                        "@odata.id": "/redfish/v1/Chassis/System.Embedded.1/Oem/Dell/DellAssembly/PSU.Slot.1_0x23_FRU"
                    }
                }
            },
            "PartNumber": "07GN3C",
            "Producer": "DELL",
            "ProductionDate": "2023-02-01T00:00:00Z",
            "SKU": null,
            "SparePartNumber": null,
            "Vendor": "DELL",
            "Version": null
        },
        {
            "@odata.context": "/redfish/v1/$metadata#Assembly.Assembly",
            "@odata.id": "/redfish/v1/Chassis/System.Embedded.1/Assembly#/Assemblies/1",
            "@odata.type": "#Assembly.v1_4_0.AssemblyData",
            "BinaryDataURI": null,
            "Description": "PWR SPLY,2400W,RDNT,ARTESYN",
            "EngineeringChangeLevel": "A04",
            "MemberId": "1",
            "Model": "PWR SPLY,2400W,RDNT,ARTESYN",
            "Name": "PSU.Slot.2#FRU",
            "Oem": {
                "Dell": {
                    "@odata.type": "#DellOem.v1_3_0.DellOemResources",
                    "DellAssembly": {
                        "Description": "This resource shall be used to represent an assembly information.",
                        "DeviceFQDD": "PSU.Slot.2",
                        "Id": "PSU.Slot.2_0x23_FRU",
                        "Name": "DellAssembly",
                        "PackageType": "PowerSupply",
                        "SerialNumber": "PHARP00321003Z",
                        "@odata.context": "/redfish/v1/$metadata#DellAssembly.DellAssembly",
                        "@odata.type": "#DellAssembly.v1_0_0.DellAssembly",
                        "@odata.id": "/redfish/v1/Chassis/System.Embedded.1/Oem/Dell/DellAssembly/PSU.Slot.2_0x23_FRU"
                    }
                }
            },
            "PartNumber": "07GN3C",
            "Producer": "DELL",
            "ProductionDate": "2023-02-01T00:00:00Z",
            "SKU": null,
            "SparePartNumber": null,
            "Vendor": "DELL",
            "Version": null
        },
        {
            "@odata.context": "/redfish/v1/$metadata#Assembly.Assembly",
            "@odata.id": "/redfish/v1/Chassis/System.Embedded.1/Assembly#/Assemblies/2",
            "@odata.type": "#Assembly.v1_4_0.AssemblyData",
            "BinaryDataURI": null,
            "Description": "DDR5 DIMM",
            "EngineeringChangeLevel": null,
            "MemberId": "2",
            "Model": "DDR5 DIMM",
            "Name": "DIMM.Socket.B2#FRU",
            "Oem": {
                "Dell": {
                    "@odata.type": "#DellOem.v1_3_0.DellOemResources",
                    "DellAssembly": {
                        "Description": "This resource shall be used to represent an assembly information.",
                        "DeviceFQDD": "DIMM.Socket.B2",
                        "Id": "DIMM.Socket.B2_0x23_FRU",
                        "Name": "DellAssembly",
                        "PackageType": "Memory",
                        "SerialNumber": "3FDE6133",
                        "@odata.context": "/redfish/v1/$metadata#DellAssembly.DellAssembly",
                        "@odata.type": "#DellAssembly.v1_0_0.DellAssembly",
                        "@odata.id": "/redfish/v1/Chassis/System.Embedded.1/Oem/Dell/DellAssembly/DIMM.Socket.B2_0x23_FRU"
                    }
                }
            },
            "PartNumber": "MTC20F2085S1RC48BA1",
            "Producer": "Micron Technology",
            "ProductionDate": "2023-04-10T07:00:00Z",
            "SKU": null,
            "SparePartNumber": null,
            "Vendor": "DELL",
            "Version": null
        },
        {
            "@odata.context": "/redfish/v1/$metadata#Assembly.Assembly",
            "@odata.id": "/redfish/v1/Chassis/System.Embedded.1/Assembly#/Assemblies/3",
            "@odata.type": "#Assembly.v1_4_0.AssemblyData",
            "BinaryDataURI": null,
            "Description": "DDR5 DIMM",
            "EngineeringChangeLevel": null,
            "MemberId": "3",
            "Model": "DDR5 DIMM",
            "Name": "DIMM.Socket.A2#FRU",
            "Oem": {
                "Dell": {
                    "@odata.type": "#DellOem.v1_3_0.DellOemResources",
                    "DellAssembly": {
                        "Description": "This resource shall be used to represent an assembly information.",
                        "DeviceFQDD": "DIMM.Socket.A2",
                        "Id": "DIMM.Socket.A2_0x23_FRU",
                        "Name": "DellAssembly",
                        "PackageType": "Memory",
                        "SerialNumber": "3FDE5E30",
                        "@odata.context": "/redfish/v1/$metadata#DellAssembly.DellAssembly",
                        "@odata.type": "#DellAssembly.v1_0_0.DellAssembly",
                        "@odata.id": "/redfish/v1/Chassis/System.Embedded.1/Oem/Dell/DellAssembly/DIMM.Socket.A2_0x23_FRU"
                    }
                }
            },
            "PartNumber": "MTC20F2085S1RC48BA1",
            "Producer": "Micron Technology",
            "ProductionDate": "2023-04-10T07:00:00Z",
            "SKU": null,
            "SparePartNumber": null,
            "Vendor": "DELL",
            "Version": null
        },
        {
            "@odata.context": "/redfish/v1/$metadata#Assembly.Assembly",
            "@odata.id": "/redfish/v1/Chassis/System.Embedded.1/Assembly#/Assemblies/4",
            "@odata.type": "#Assembly.v1_4_0.AssemblyData",
            "BinaryDataURI": null,
            "Description": "DDR5 DIMM",
            "EngineeringChangeLevel": null,
            "MemberId": "4",
            "Model": "DDR5 DIMM",
            "Name": "DIMM.Socket.B1#FRU",
            "Oem": {
                "Dell": {
                    "@odata.type": "#DellOem.v1_3_0.DellOemResources",
                    "DellAssembly": {
                        "Description": "This resource shall be used to represent an assembly information.",
                        "DeviceFQDD": "DIMM.Socket.B1",
                        "Id": "DIMM.Socket.B1_0x23_FRU",
                        "Name": "DellAssembly",
                        "PackageType": "Memory",
                        "SerialNumber": "3FDE6024",
                        "@odata.context": "/redfish/v1/$metadata#DellAssembly.DellAssembly",
                        "@odata.type": "#DellAssembly.v1_0_0.DellAssembly",
                        "@odata.id": "/redfish/v1/Chassis/System.Embedded.1/Oem/Dell/DellAssembly/DIMM.Socket.B1_0x23_FRU"
                    }
                }
            },
            "PartNumber": "MTC20F2085S1RC48BA1",
            "Producer": "Micron Technology",
            "ProductionDate": "2023-04-10T07:00:00Z",
            "SKU": null,
            "SparePartNumber": null,
            "Vendor": "DELL",
            "Version": null
        },
        {
            "@odata.context": "/redfish/v1/$metadata#Assembly.Assembly",
            "@odata.id": "/redfish/v1/Chassis/System.Embedded.1/Assembly#/Assemblies/5",
            "@odata.type": "#Assembly.v1_4_0.AssemblyData",
            "BinaryDataURI": null,
            "Description": "DDR5 DIMM",
            "EngineeringChangeLevel": null,
            "MemberId": "5",
            "Model": "DDR5 DIMM",
            "Name": "DIMM.Socket.A1#FRU",
            "Oem": {
                "Dell": {
                    "@odata.type": "#DellOem.v1_3_0.DellOemResources",
                    "DellAssembly": {
                        "Description": "This resource shall be used to represent an assembly information.",
                        "DeviceFQDD": "DIMM.Socket.A1",
                        "Id": "DIMM.Socket.A1_0x23_FRU",
                        "Name": "DellAssembly",
                        "PackageType": "Memory",
                        "SerialNumber": "3FDE6009",
                        "@odata.context": "/redfish/v1/$metadata#DellAssembly.DellAssembly",
                        "@odata.type": "#DellAssembly.v1_0_0.DellAssembly",
                        "@odata.id": "/redfish/v1/Chassis/System.Embedded.1/Oem/Dell/DellAssembly/DIMM.Socket.A1_0x23_FRU"
                    }
                }
            },
            "PartNumber": "MTC20F2085S1RC48BA1",
            "Producer": "Micron Technology",
            "ProductionDate": "2023-04-10T07:00:00Z",
            "SKU": null,
            "SparePartNumber": null,
            "Vendor": "DELL",
            "Version": null
        },
        {
            "@odata.context": "/redfish/v1/$metadata#Assembly.Assembly",
            "@odata.id": "/redfish/v1/Chassis/System.Embedded.1/Assembly#/Assemblies/6",
            "@odata.type": "#Assembly.v1_4_0.AssemblyData",
            "BinaryDataURI": null,
            "Description": "SystemPlanar",
            "EngineeringChangeLevel": "A01",
            "MemberId": "6",
            "Model": "SystemPlanar",
            "Name": "System.Embedded.1#FRU",
            "Oem": {
                "Dell": {
                    "@odata.type": "#DellOem.v1_3_0.DellOemResources",
                    "DellAssembly": {
                        "Description": "This resource shall be used to represent an assembly information.",
                        "DeviceFQDD": "System.Embedded.1",
                        "Id": "System.Embedded.1_0x23_FRU",
                        "Name": "DellAssembly",
                        "PackageType": "Module/Card",
                        "SerialNumber": "CNIVC0037S0064",
                        "@odata.context": "/redfish/v1/$metadata#DellAssembly.DellAssembly",
                        "@odata.type": "#DellAssembly.v1_0_0.DellAssembly",
                        "@odata.id": "/redfish/v1/Chassis/System.Embedded.1/Oem/Dell/DellAssembly/System.Embedded.1_0x23_FRU"
                    }
                }
            },
            "PartNumber": "02P5WH",
            "Producer": "Dell Inc.",
            "ProductionDate": "2023-08-01T11:50:00Z",
            "SKU": null,
            "SparePartNumber": null,
            "Vendor": "DELL",
            "Version": null
        },
        {
            "@odata.context": "/redfish/v1/$metadata#Assembly.Assembly",
            "@odata.id": "/redfish/v1/Chassis/System.Embedded.1/Assembly#/Assemblies/7",
            "@odata.type": "#Assembly.v1_4_0.AssemblyData",
            "BinaryDataURI": null,
            "Description": "Intel(R) 25GbE 2P E810-XXV OCP",
            "EngineeringChangeLevel": "A01",
            "MemberId": "7",
            "Model": "Intel(R) 25GbE 2P E810-XXV OCP",
            "Name": "NIC.Integrated.1#FRU",
            "Oem": {
                "Dell": {
                    "@odata.type": "#DellOem.v1_3_0.DellOemResources",
                    "DellAssembly": {
                        "Description": "This resource shall be used to represent an assembly information.",
                        "DeviceFQDD": "NIC.Integrated.1",
                        "Id": "NIC.Integrated.1_0x23_FRU",
                        "Name": "DellAssembly",
                        "PackageType": "Module/Card",
                        "SerialNumber": "MYFLMIT34D01DN",
                        "@odata.context": "/redfish/v1/$metadata#DellAssembly.DellAssembly",
                        "@odata.type": "#DellAssembly.v1_0_0.DellAssembly",
                        "@odata.id": "/redfish/v1/Chassis/System.Embedded.1/Oem/Dell/DellAssembly/NIC.Integrated.1_0x23_FRU"
                    }
                }
            },
            "PartNumber": "061X09",
            "Producer": "Dell",
            "ProductionDate": "2023-04-14T12:00:00Z",
            "SKU": null,
            "SparePartNumber": null,
            "Vendor": "DELL",
            "Version": null
        },
        {
            "@odata.context": "/redfish/v1/$metadata#Assembly.Assembly",
            "@odata.id": "/redfish/v1/Chassis/System.Embedded.1/Assembly#/Assemblies/8",
            "@odata.type": "#Assembly.v1_4_0.AssemblyData",
            "BinaryDataURI": null,
            "Description": "DRIVE BACKPLANE",
            "EngineeringChangeLevel": "A00",
            "MemberId": "8",
            "Model": "DRIVE BACKPLANE",
            "Name": "Enclosure.Internal.0-1#FRU",
            "Oem": {
                "Dell": {
                    "@odata.type": "#DellOem.v1_3_0.DellOemResources",
                    "DellAssembly": {
                        "Description": "This resource shall be used to represent an assembly information.",
                        "DeviceFQDD": "Enclosure.Internal.0-1",
                        "Id": "Enclosure.Internal.0-1_0x23_FRU",
                        "Name": "DellAssembly",
                        "PackageType": "CrossConnect/Backplane",
                        "SerialNumber": "CNIVC0036T1077",
                        "@odata.context": "/redfish/v1/$metadata#DellAssembly.DellAssembly",
                        "@odata.type": "#DellAssembly.v1_0_0.DellAssembly",
                        "@odata.id": "/redfish/v1/Chassis/System.Embedded.1/Oem/Dell/DellAssembly/Enclosure.Internal.0-1_0x23_FRU"
                    }
                }
            },
            "PartNumber": "0YWH4W",
            "Producer": "Dell",
            "ProductionDate": "2023-07-05T08:02:00Z",
            "SKU": null,
            "SparePartNumber": null,
            "Vendor": "DELL",
            "Version": null
        },
        {
            "@odata.context": "/redfish/v1/$metadata#Assembly.Assembly",
            "@odata.id": "/redfish/v1/Chassis/System.Embedded.1/Assembly#/Assemblies/9",
            "@odata.type": "#Assembly.v1_4_0.AssemblyData",
            "BinaryDataURI": null,
            "Description": "HBA465i Front",
            "EngineeringChangeLevel": "X21",
            "MemberId": "9",
            "Model": "HBA465i Front",
            "Name": "NonRAID.SL.3-1#FRU",
            "Oem": {
                "Dell": {
                    "@odata.type": "#DellOem.v1_3_0.DellOemResources",
                    "DellAssembly": {
                        "Description": "This resource shall be used to represent an assembly information.",
                        "DeviceFQDD": "NonRAID.SL.3-1",
                        "Id": "NonRAID.SL.3-1_0x23_FRU",
                        "Name": "DellAssembly",
                        "PackageType": "Module/Card",
                        "SerialNumber": "CNFCP003BR0080",
                        "@odata.context": "/redfish/v1/$metadata#DellAssembly.DellAssembly",
                        "@odata.type": "#DellAssembly.v1_0_0.DellAssembly",
                        "@odata.id": "/redfish/v1/Chassis/System.Embedded.1/Oem/Dell/DellAssembly/NonRAID.SL.3-1_0x23_FRU"
                    }
                }
            },
            "PartNumber": "0MXXXH",
            "Producer": "Dell",
            "ProductionDate": "2023-11-30T01:36:00Z",
            "SKU": null,
            "SparePartNumber": null,
            "Vendor": "DELL",
            "Version": null
        },
        {
            "@odata.context": "/redfish/v1/$metadata#Assembly.Assembly",
            "@odata.id": "/redfish/v1/Chassis/System.Embedded.1/Assembly#/Assemblies/10",
            "@odata.type": "#Assembly.v1_4_0.AssemblyData",
            "BinaryDataURI": null,
            "Description": "HBA465i Adapter",
            "EngineeringChangeLevel": "X21",
            "MemberId": "10",
            "Model": "HBA465i Adapter",
            "Name": "NonRAID.Slot.3-1#FRU",
            "Oem": {
                "Dell": {
                    "@odata.type": "#DellOem.v1_3_0.DellOemResources",
                    "DellAssembly": {
                        "Description": "This resource shall be used to represent an assembly information.",
                        "DeviceFQDD": "NonRAID.Slot.3-1",
                        "Id": "NonRAID.Slot.3-1_0x23_FRU",
                        "Name": "DellAssembly",
                        "PackageType": "Module/Card",
                        "SerialNumber": "CNFCP003C400AQ",
                        "@odata.context": "/redfish/v1/$metadata#DellAssembly.DellAssembly",
                        "@odata.type": "#DellAssembly.v1_0_0.DellAssembly",
                        "@odata.id": "/redfish/v1/Chassis/System.Embedded.1/Oem/Dell/DellAssembly/NonRAID.Slot.3-1_0x23_FRU"
                    }
                }
            },
            "PartNumber": "0PHJ0W",
            "Producer": "Dell",
            "ProductionDate": "2023-12-06T16:06:00Z",
            "SKU": null,
            "SparePartNumber": null,
            "Vendor": "DELL",
            "Version": null
        },
        {
            "@odata.context": "/redfish/v1/$metadata#Assembly.Assembly",
            "@odata.id": "/redfish/v1/Chassis/System.Embedded.1/Assembly#/Assemblies/11",
            "@odata.type": "#Assembly.v1_4_0.AssemblyData",
            "BinaryDataURI": null,
            "Description": "Intel(R) 25GbE 2P E810-XXV Adptr",
            "EngineeringChangeLevel": "A02",
            "MemberId": "11",
            "Model": "Intel(R) 25GbE 2P E810-XXV Adptr",
            "Name": "NIC.Slot.4#FRU",
            "Oem": {
                "Dell": {
                    "@odata.type": "#DellOem.v1_3_0.DellOemResources",
                    "DellAssembly": {
                        "Description": "This resource shall be used to represent an assembly information.",
                        "DeviceFQDD": "NIC.Slot.4",
                        "Id": "NIC.Slot.4_0x23_FRU",
                        "Name": "DellAssembly",
                        "PackageType": "Module/Card",
                        "SerialNumber": "MYFLMIT33T02GG",
                        "@odata.context": "/redfish/v1/$metadata#DellAssembly.DellAssembly",
                        "@odata.type": "#DellAssembly.v1_0_0.DellAssembly",
                        "@odata.id": "/redfish/v1/Chassis/System.Embedded.1/Oem/Dell/DellAssembly/NIC.Slot.4_0x23_FRU"
                    }
                }
            },
            "PartNumber": "0CD16M",
            "Producer": "Dell",
            "ProductionDate": "2023-03-30T12:00:00Z",
            "SKU": null,
            "SparePartNumber": null,
            "Vendor": "DELL",
            "Version": null
        },
        {
            "@odata.context": "/redfish/v1/$metadata#Assembly.Assembly",
            "@odata.id": "/redfish/v1/Chassis/System.Embedded.1/Assembly#/Assemblies/12",
            "@odata.type": "#Assembly.v1_4_0.AssemblyData",
            "BinaryDataURI": null,
            "Description": "Dell Storage Cntlr. H965e Adptr",
            "EngineeringChangeLevel": "A00",
            "MemberId": "12",
            "Model": "Dell Storage Cntlr. H965e Adptr",
            "Name": "RAID.Slot.5-1#FRU",
            "Oem": {
                "Dell": {
                    "@odata.type": "#DellOem.v1_3_0.DellOemResources",
                    "DellAssembly": {
                        "Description": "This resource shall be used to represent an assembly information.",
                        "DeviceFQDD": "RAID.Slot.5-1",
                        "Id": "RAID.Slot.5-1_0x23_FRU",
                        "Name": "DellAssembly",
                        "PackageType": "Module/Card",
                        "SerialNumber": "CNFCP0036C000K",
                        "@odata.context": "/redfish/v1/$metadata#DellAssembly.DellAssembly",
                        "@odata.type": "#DellAssembly.v1_0_0.DellAssembly",
                        "@odata.id": "/redfish/v1/Chassis/System.Embedded.1/Oem/Dell/DellAssembly/RAID.Slot.5-1_0x23_FRU"
                    }
                }
            },
            "PartNumber": "0VWHMH",
            "Producer": "Dell",
            "ProductionDate": "2023-06-13T10:13:00Z",
            "SKU": null,
            "SparePartNumber": null,
            "Vendor": "DELL",
            "Version": null
        },
        {
            "@odata.context": "/redfish/v1/$metadata#Assembly.Assembly",
            "@odata.id": "/redfish/v1/Chassis/System.Embedded.1/Assembly#/Assemblies/13",
            "@odata.type": "#Assembly.v1_4_0.AssemblyData",
            "BinaryDataURI": null,
            "Description": "BRCM 25GbE 2P 57414S Adptr",
            "EngineeringChangeLevel": "A00",
            "MemberId": "13",
            "Model": "BRCM 25GbE 2P 57414S Adptr",
            "Name": "NIC.Slot.6#FRU",
            "Oem": {
                "Dell": {
                    "@odata.type": "#DellOem.v1_3_0.DellOemResources",
                    "DellAssembly": {
                        "Description": "This resource shall be used to represent an assembly information.",
                        "DeviceFQDD": "NIC.Slot.6",
                        "Id": "NIC.Slot.6_0x23_FRU",
                        "Name": "DellAssembly",
                        "PackageType": "Module/Card",
                        "SerialNumber": "VNFCVBA27502PV",
                        "@odata.context": "/redfish/v1/$metadata#DellAssembly.DellAssembly",
                        "@odata.type": "#DellAssembly.v1_0_0.DellAssembly",
                        "@odata.id": "/redfish/v1/Chassis/System.Embedded.1/Oem/Dell/DellAssembly/NIC.Slot.6_0x23_FRU"
                    }
                }
            },
            "PartNumber": "002MT0",
            "Producer": "Dell",
            "ProductionDate": "2022-07-07T21:22:00Z",
            "SKU": null,
            "SparePartNumber": null,
            "Vendor": "DELL",
            "Version": null
        }
    ],
    "Assemblies@odata.count": 14,
    "Description": "Represents the properties of Assembly for the device",
    "Id": "Assembly",
    "Name": "Assembly"
}