{
    "@odata.context": "/redfish/v1/$metadata#PCIeDevice.PCIeDevice",
    "@odata.etag": "\"1707829993\"",
    "@odata.id": "/redfish/v1/Chassis/Enclosure.Internal.0-1_NonRAID.SL.3-1/PCIeDevices/63-0",
    "@odata.type": "#PCIeDevice.v1_11_1.PCIeDevice",
    "AssetTag": null,
    "Description": "HBA465i Front",
    "DeviceType": "SingleFunction",
    "FirmwareVersion": "8.8.0.0.15-17",
    "Id": "63-0",
    "Links": {
        "Chassis": [
            {
                "@odata.id": "/redfish/v1/Chassis/Enclosure.Internal.0-1_NonRAID.SL.3-1"
            }
        ],
        "Chassis@odata.count": 1,
        "PCIeFunctions": [
            {
                "@odata.id": "/redfish/v1/Chassis/Enclosure.Internal.0-1_NonRAID.SL.3-1/PCIeDevices/63-0/PCIeFunctions/63-0-0"
            }
        ],
        "PCIeFunctions@odata.count": 1,
        "PCIeFunctions@Redfish.Deprecated": "Please migrate to PCIeFunctions property in the root resource."
    },
    "Manufacturer": "Broadcom / LSI",
    "Model": null,
    "Name": "HBA465i Front",
    "PartNumber": "0MXXXH",
    "SKU": null,
    "SerialNumber": "0",
    "Status": {
        "State": "Enabled",
        "Health": "OK",
        "HealthRollup": "OK"
    },
    "PCIeFunctions": {
        "@odata.id": "/redfish/v1/Chassis/Enclosure.Internal.0-1_NonRAID.SL.3-1/PCIeDevices/63-0/PCIeFunctions"
    }
}