{
    "@odata.context": "/redfish/v1/$metadata#DellNICPortMetrics.DellNICPortMetrics",
    "@odata.id": "/redfish/v1/Chassis/System.Embedded.1/NetworkAdapters/NIC.Slot.4/NetworkDeviceFunctions/NIC.Slot.4-1-1/Oem/Dell/DellNICPortMetrics/NIC.Slot.4-1-1",
    "@odata.type": "#DellNICPortMetrics.v1_1_1.DellNICPortMetrics",
    "Description": "Represents the statistics of the NIC, NIC port, or partition.",
    "DiscardedPkts": 0,
    "FCCRCErrorCount": null,
    "FCOELinkFailures": null,
    "FCOEPktRxCount": null,
    "FCOEPktTxCount": null,
    "FCOERxPktDroppedCount": null,
    "FQDD": "NIC.Slot.4-1-1",
    "Id": "NIC.Slot.4-1-1",
    "LanFCSRxErrors": null,
    "LanUnicastPktRXCount": null,
    "LanUnicastPktTXCount": null,
    "Name": "DellNICPortMetrics",
    "OSDriverState": "Non-operational",
    "PartitionLinkStatus": null,
    "PartitionOSDriverState": null,
    "RDMARxTotalBytes": 0,
    "RDMARxTotalPackets": 0,
    "RDMATotalProtectionErrors": null,
    "RDMATotalProtocolErrors": null,
    "RDMATxTotalBytes": 0,
    "RDMATxTotalPackets": 0,
    "RDMATxTotalReadReqPkts": 0,
    "RDMATxTotalSendPkts": 0,
    "RDMATxTotalWritePkts": 0,
    "RXInputPowerStatus": null,
    "RXInputPowermW": null,
    "RxBroadcast": 0,
    "RxBytes": 0,
    "RxErrorPktAlignmentErrors": null,
    "RxErrorPktFCSErrors": 0,
    "RxFalseCarrierDetection": null,
    "RxJabberPkt": 0,
    "RxMutlicastPackets": 0,
    "RxPauseXOFFFrames": 0,
    "RxPauseXONFrames": 0,
    "RxRuntPkt": 0,
    "RxUnicastPackets": 0,
    "StartStatisticTime": "2024-02-13T06:14:20-06:00",
    "StatisticTime": "2024-02-13T08:37:45-06:00",
    "TXBiasCurrentStatus": null,
    "TXBiasCurrentmA": null,
    "TXOutputPowerStatus": null,
    "TXOutputPowermW": null,
    "TemperatureCelsius": null,
    "TemperatureStatus": null,
    "TxBroadcast": 0,
    "TxBytes": 0,
    "TxErrorPktExcessiveCollision": null,
    "TxErrorPktLateCollision": null,
    "TxErrorPktMultipleCollision": null,
    "TxErrorPktSingleCollision": null,
    "TxMutlicastPackets": 0,
    "TxPauseXOFFFrames": 0,
    "TxPauseXONFrames": 0,
    "TxUnicastPackets": 0,
    "VoltageStatus": null,
    "VoltageValueVolts": null
}