{
    "@Redfish.Settings": {
        "@odata.context": "/redfish/v1/$metadata#Settings.Settings",
        "@odata.type": "#Settings.v1_3_5.Settings",
        "SettingsObject": {
            "@odata.id": "/redfish/v1/Chassis/Enclosure.External.0-1_RAID.Slot.5-1/Settings"
        },
        "SupportedApplyTimes": [
            "Immediate",
            "OnReset",
            "AtMaintenanceWindowStart",
            "InMaintenanceWindowOnReset"
        ]
    },
    "@odata.context": "/redfish/v1/$metadata#Chassis.Chassis",
    "@odata.id": "/redfish/v1/Chassis/Enclosure.External.0-1_RAID.Slot.5-1",
    "@odata.type": "#Chassis.v1_23_0.Chassis",
    "Actions": {},
    "AssetTag": "Allam 123",
    "ChassisType": "StorageEnclosure",
    "Description": "Enclosure 1 on Connector 0 of RAID Controller in Slot 5",
    "Id": "Enclosure.External.0-1:RAID.Slot.5-1",
    "Links": {
        "Contains": [],
        "Contains@odata.count": 0,
        "CooledBy": [
            {
                "@odata.id": "/redfish/v1/Chassis/Enclosure.External.0-1_RAID.Slot.5-1/Thermal#/Fans/0"
            },
            {
                "@odata.id": "/redfish/v1/Chassis/Enclosure.External.0-1_RAID.Slot.5-1/Thermal#/Fans/1"
            },
            {
                "@odata.id": "/redfish/v1/Chassis/Enclosure.External.0-1_RAID.Slot.5-1/Thermal#/Fans/2"
            },
            {
                "@odata.id": "/redfish/v1/Chassis/Enclosure.External.0-1_RAID.Slot.5-1/Thermal#/Fans/0"
            },
            {
                "@odata.id": "/redfish/v1/Chassis/Enclosure.External.0-1_RAID.Slot.5-1/Thermal#/Fans/1"
            },
            {
                "@odata.id": "/redfish/v1/Chassis/Enclosure.External.0-1_RAID.Slot.5-1/Thermal#/Fans/2"
            }
        ],
        "CooledBy@odata.count": 6,
        "Drives": [
            {
                "@odata.id": "/redfish/v1/Systems/System.Embedded.1/Storage/RAID.Slot.5-1/Drives/Disk.Bay.0_Enclosure.External.0-1_RAID.Slot.5-1"
            },
            {
                "@odata.id": "/redfish/v1/Systems/System.Embedded.1/Storage/RAID.Slot.5-1/Drives/Disk.Bay.1_Enclosure.External.0-1_RAID.Slot.5-1"
            },
            {
                "@odata.id": "/redfish/v1/Systems/System.Embedded.1/Storage/RAID.Slot.5-1/Drives/Disk.Bay.2_Enclosure.External.0-1_RAID.Slot.5-1"
            },
            {
                "@odata.id": "/redfish/v1/Systems/System.Embedded.1/Storage/RAID.Slot.5-1/Drives/Disk.Bay.3_Enclosure.External.0-1_RAID.Slot.5-1"
            },
            {
                "@odata.id": "/redfish/v1/Systems/System.Embedded.1/Storage/RAID.Slot.5-1/Drives/Disk.Bay.4_Enclosure.External.0-1_RAID.Slot.5-1"
            },
            {
                "@odata.id": "/redfish/v1/Systems/System.Embedded.1/Storage/RAID.Slot.5-1/Drives/Disk.Bay.5_Enclosure.External.0-1_RAID.Slot.5-1"
            },
            {
                "@odata.id": "/redfish/v1/Systems/System.Embedded.1/Storage/RAID.Slot.5-1/Drives/Disk.Bay.6_Enclosure.External.0-1_RAID.Slot.5-1"
            },
            {
                "@odata.id": "/redfish/v1/Systems/System.Embedded.1/Storage/RAID.Slot.5-1/Drives/Disk.Bay.7_Enclosure.External.0-1_RAID.Slot.5-1"
            },
            {
                "@odata.id": "/redfish/v1/Systems/System.Embedded.1/Storage/RAID.Slot.5-1/Drives/Disk.Bay.8_Enclosure.External.0-1_RAID.Slot.5-1"
            },
            {
                "@odata.id": "/redfish/v1/Systems/System.Embedded.1/Storage/RAID.Slot.5-1/Drives/Disk.Bay.9_Enclosure.External.0-1_RAID.Slot.5-1"
            },
            {
                "@odata.id": "/redfish/v1/Systems/System.Embedded.1/Storage/RAID.Slot.5-1/Drives/Disk.Bay.10_Enclosure.External.0-1_RAID.Slot.5-1"
            },
            {
                "@odata.id": "/redfish/v1/Systems/System.Embedded.1/Storage/RAID.Slot.5-1/Drives/Disk.Bay.11_Enclosure.External.0-1_RAID.Slot.5-1"
            }
        ],
        "Drives@odata.count": 12,
        "ManagedBy": [],
        "ManagedBy@odata.count": 0,
        "PCIeDevices": [
            {
                "@odata.id": "/redfish/v1/Chassis/System.Embedded.1/PCIeDevices/153-0"
            }
        ],
        "PCIeDevices@Redfish.Deprecated": "Please migrate to use /redfish/v1/Chassis/Enclosure.External.0-1:RAID.Slot.5-1/PCIeDevices",
        "PCIeDevices@odata.count": 1,
        "PoweredBy": [
            {
                "@odata.id": "/redfish/v1/Chassis/Enclosure.External.0-1_RAID.Slot.5-1/Power#/PowerSupplies/1"
            },
            {
                "@odata.id": "/redfish/v1/Chassis/Enclosure.External.0-1_RAID.Slot.5-1/Power#/PowerSupplies/0"
            }
        ],
        "PoweredBy@odata.count": 2,
        "Storage": [
            {
                "@odata.id": "/redfish/v1/Systems/System.Embedded.1/Storage/RAID.Slot.5-1"
            }
        ],
        "Storage@odata.count": 1
    },
    "Manufacturer": null,
    "Model": "DSES 0:1",
    "Name": "DSES 0:1",
    "Oem": {
        "Dell": {
            "@odata.type": "#DellOemEnclosureChassis.v1_0_0.DellOemEnclosureChassis",
            "DellChassisEnclosure": {
                "AssetName": "SAS4 2U12 JBOD233445667",
                "BackplaneType": "NotShared",
                "Connector": 0,
                "LastSystemInventoryTime": "2024-02-13T06:12:09-06:00",
                "LastUpdateTime": "2024-02-13T06:12:07-06:00",
                "Links": {
                    "DellEnclosureEMMCollection": [
                        {
                            "@odata.id": "/redfish/v1/Chassis/Oem/Dell/DellEnclosureEMM/EMM.Slot.1_Enclosure.External.0-1_RAID.Slot.5-1"
                        },
                        {
                            "@odata.id": "/redfish/v1/Chassis/Oem/Dell/DellEnclosureEMM/EMM.Slot.2_Enclosure.External.0-1_RAID.Slot.5-1"
                        }
                    ],
                    "DellEnclosureEMMCollection@odata.count": 2
                },
                "RAIDMultipath": "On",
                "ServiceTag": "D02D804",
                "SlotCount": 12,
                "TempProbeCount": 16,
                "Version": "0703",
                "WiredOrder": 1
            },
            "DellEnclosure": {
                "@odata.context": "/redfish/v1/$metadata#DellEnclosure.DellEnclosure",
                "@odata.id": "/redfish/v1/Chassis/Enclosure.External.0-1_RAID.Slot.5-1/Oem/Dell/DellEnclosures/Enclosure.External.0-1_RAID.Slot.5-1",
                "@odata.type": "#DellEnclosure.v1_1_0.DellEnclosure",
                "AssetName": "SAS4 2U12 JBOD233445667",
                "Connector": 0,
                "Description": "An instance of DellEnclosure will have storage enclosure specific data.",
                "Id": "Enclosure.External.0-1:RAID.Slot.5-1",
                "LastSystemInventoryTime": "2024-02-13T12:12:09+00:00",
                "LastUpdateTime": "2024-02-13T12:12:07+00:00",
                "Links": {
                    "DellEnclosureEMMCollection": [
                        {
                            "@odata.id": "/redfish/v1/Chassis/Oem/Dell/DellEnclosureEMM/EMM.Slot.1_Enclosure.External.0-1_RAID.Slot.5-1"
                        },
                        {
                            "@odata.id": "/redfish/v1/Chassis/Oem/Dell/DellEnclosureEMM/EMM.Slot.2_Enclosure.External.0-1_RAID.Slot.5-1"
                        }
                    ],
                    "DellEnclosureEMMCollection@odata.count": 2
                },
                "Name": "DellEnclosure",
                "ServiceTag": "D02D804",
                "SlotCount": 12,
                "TempProbeCount": 16,
                "Version": "0703",
                "WiredOrder": 1
            },
            "DellEnclosure@Redfish.Deprecated": "Please migrate to use DellChassisEnclosure"
        }
    },
    "PCIeDevices": {
        "@odata.id": "/redfish/v1/Chassis/Enclosure.External.0-1_RAID.Slot.5-1/PCIeDevices"
    },
    "PartNumber": null,
    "Power": {
        "@odata.id": "/redfish/v1/Chassis/Enclosure.External.0-1_RAID.Slot.5-1/Power"
    },
    "Power@Redfish.Deprecated": "Please migrate to use /redfish/v1/Chassis/Enclosure.External.0-1:RAID.Slot.5-1/PowerSubsystem",
    "PowerState": "On",
    "PowerSubsystem": {
        "@odata.id": "/redfish/v1/Chassis/Enclosure.External.0-1_RAID.Slot.5-1/PowerSubsystem"
    },
    "PoweredByParent": false,
    "SKU": "D02D804",
    "Sensors": {
        "@odata.id": "/redfish/v1/Chassis/Enclosure.External.0-1_RAID.Slot.5-1/Sensors"
    },
    "SerialNumber": null,
    "Status": {
        "Health": "OK",
        "HealthRollup": "OK",
        "State": "Enabled"
    },
    "Thermal": {
        "@odata.id": "/redfish/v1/Chassis/Enclosure.External.0-1_RAID.Slot.5-1/Thermal"
    },
    "Thermal@Redfish.Deprecated": "Please migrate to use /redfish/v1/Chassis/Enclosure.External.0-1:RAID.Slot.5-1/ThermalSubsystem",
    "ThermalManagedByParent": false,
    "ThermalSubsystem": {
        "@odata.id": "/redfish/v1/Chassis/Enclosure.External.0-1_RAID.Slot.5-1/ThermalSubsystem"
    }
}