{
    "@odata.context": "/redfish/v1/$metadata#Sensor.Sensor",
    "@odata.id": "/redfish/v1/Chassis/Enclosure.External.0-0_RAID.Slot.5-1/Sensors/TempSensor.Chassis.4",
    "@odata.type": "#Sensor.v1_7_0.Sensor",
    "Name": "Temperature, hot drive 2",
    "Id": "TempSensor.Chassis.4",
    "Description": "Temperature Sensor 4 in Chassis in Enclosure 0 on Connector 0 of Storage Controller in Slot 5",
    "Reading": 44.0,
    "ReadingType": "Temperature",
    "ReadingUnits": "Cel",
    "Status": {
        "Health": "OK",
        "State": "Enabled"
    },
    "PhysicalContext": "Chassis",
    "Thresholds": {
        "UpperCritical": {
            "Reading": 68
        },
        "UpperCaution": {
            "Reading": 64
        },
        "LowerCaution": {
            "Reading": -20
        },
        "LowerCritical": {
            "Reading": -20
        }
    }
}