{
    "@odata.context": "/redfish/v1/$metadata#Thermal.Thermal",
    "@odata.id": "/redfish/v1/Chassis/Enclosure.External.0-1_RAID.Slot.5-1/Thermal",
    "@odata.type": "#Thermal.v1_7_1.Thermal",
    "Description": "Represents the properties for Temperature and Cooling",
    "Fans": [
        {
            "@odata.id": "/redfish/v1/Chassis/Enclosure.External.0-1_RAID.Slot.5-1/Thermal#/Fans/0",
            "MemberId": "0",
            "Name": "Local fan module 0",
            "Reading": 11030,
            "ReadingUnits": "RPM",
            "RelatedItem": [
                {
                    "@odata.id": "/redfish/v1/Chassis/Enclosure.External.0-1_RAID.Slot.5-1"
                }
            ],
            "RelatedItem@odata.count": 1,
            "SensorNumber": null,
            "Status": {
                "Health": "OK",
                "HealthRollup": "OK",
                "State": "Enabled"
            }
        },
        {
            "@odata.id": "/redfish/v1/Chassis/Enclosure.External.0-1_RAID.Slot.5-1/Thermal#/Fans/1",
            "MemberId": "1",
            "Name": "Local fan module 1",
            "Reading": 11060,
            "ReadingUnits": "RPM",
            "RelatedItem": [
                {
                    "@odata.id": "/redfish/v1/Chassis/Enclosure.External.0-1_RAID.Slot.5-1"
                }
            ],
            "RelatedItem@odata.count": 1,
            "SensorNumber": null,
            "Status": {
                "Health": "OK",
                "HealthRollup": "OK",
                "State": "Enabled"
            }
        },
        {
            "@odata.id": "/redfish/v1/Chassis/Enclosure.External.0-1_RAID.Slot.5-1/Thermal#/Fans/2",
            "MemberId": "2",
            "Name": "Local fan module 2",
            "Reading": 10890,
            "ReadingUnits": "RPM",
            "RelatedItem": [
                {
                    "@odata.id": "/redfish/v1/Chassis/Enclosure.External.0-1_RAID.Slot.5-1"
                }
            ],
            "RelatedItem@odata.count": 1,
            "SensorNumber": null,
            "Status": {
                "Health": "OK",
                "HealthRollup": "OK",
                "State": "Enabled"
            }
        },
        {
            "@odata.id": "/redfish/v1/Chassis/Enclosure.External.0-1_RAID.Slot.5-1/Thermal#/Fans/0",
            "MemberId": "0",
            "Name": "Peer fan module 3",
            "Reading": 11250,
            "ReadingUnits": "RPM",
            "RelatedItem": [
                {
                    "@odata.id": "/redfish/v1/Chassis/Enclosure.External.0-1_RAID.Slot.5-1"
                }
            ],
            "RelatedItem@odata.count": 1,
            "SensorNumber": null,
            "Status": {
                "Health": "OK",
                "HealthRollup": "OK",
                "State": "Enabled"
            }
        },
        {
            "@odata.id": "/redfish/v1/Chassis/Enclosure.External.0-1_RAID.Slot.5-1/Thermal#/Fans/1",
            "MemberId": "1",
            "Name": "Peer fan module 4",
            "Reading": 11090,
            "ReadingUnits": "RPM",
            "RelatedItem": [
                {
                    "@odata.id": "/redfish/v1/Chassis/Enclosure.External.0-1_RAID.Slot.5-1"
                }
            ],
            "RelatedItem@odata.count": 1,
            "SensorNumber": null,
            "Status": {
                "Health": "OK",
                "HealthRollup": "OK",
                "State": "Enabled"
            }
        },
        {
            "@odata.id": "/redfish/v1/Chassis/Enclosure.External.0-1_RAID.Slot.5-1/Thermal#/Fans/2",
            "MemberId": "2",
            "Name": "Peer fan module 5",
            "Reading": 11050,
            "ReadingUnits": "RPM",
            "RelatedItem": [
                {
                    "@odata.id": "/redfish/v1/Chassis/Enclosure.External.0-1_RAID.Slot.5-1"
                }
            ],
            "RelatedItem@odata.count": 1,
            "SensorNumber": null,
            "Status": {
                "Health": "OK",
                "HealthRollup": "OK",
                "State": "Enabled"
            }
        }
    ],
    "Fans@odata.count": 6,
    "Id": "Thermal",
    "Name": "Thermal",
    "Redundancy": [],
    "Redundancy@odata.count": 0,
    "Status": {},
    "Temperatures": [
        {
            "@odata.id": "/redfish/v1/Chassis/Enclosure.External.0-1_RAID.Slot.5-1/Thermal#/Temperatures/0",
            "LowerThresholdCritical": -20,
            "LowerThresholdFatal": -20,
            "LowerThresholdNonCritical": -20,
            "MemberId": "0",
            "Name": "SXP Core Temperature",
            "ReadingCelsius": 49,
            "RelatedItem": [
                {
                    "@odata.id": "/redfish/v1/Chassis/Enclosure.External.0-1_RAID.Slot.5-1"
                }
            ],
            "RelatedItem@odata.count": 1,
            "SensorNumber": 2,
            "Status": {
                "Health": "OK",
                "HealthRollup": "OK",
                "State": "Enabled"
            },
            "UpperThresholdCritical": 115,
            "UpperThresholdFatal": 115,
            "UpperThresholdNonCritical": 110
        },
        {
            "@odata.id": "/redfish/v1/Chassis/Enclosure.External.0-1_RAID.Slot.5-1/Thermal#/Temperatures/1",
            "LowerThresholdCritical": -20,
            "LowerThresholdFatal": -20,
            "LowerThresholdNonCritical": -20,
            "MemberId": "1",
            "Name": "ESM Inlet",
            "ReadingCelsius": 38,
            "RelatedItem": [
                {
                    "@odata.id": "/redfish/v1/Chassis/Enclosure.External.0-1_RAID.Slot.5-1"
                }
            ],
            "RelatedItem@odata.count": 1,
            "SensorNumber": 2,
            "Status": {
                "Health": "OK",
                "HealthRollup": "OK",
                "State": "Enabled"
            },
            "UpperThresholdCritical": 72,
            "UpperThresholdFatal": 72,
            "UpperThresholdNonCritical": 70
        },
        {
            "@odata.id": "/redfish/v1/Chassis/Enclosure.External.0-1_RAID.Slot.5-1/Thermal#/Temperatures/2",
            "LowerThresholdCritical": -20,
            "LowerThresholdFatal": -20,
            "LowerThresholdNonCritical": -20,
            "MemberId": "2",
            "Name": "ESM Outlet",
            "ReadingCelsius": 38,
            "RelatedItem": [
                {
                    "@odata.id": "/redfish/v1/Chassis/Enclosure.External.0-1_RAID.Slot.5-1"
                }
            ],
            "RelatedItem@odata.count": 1,
            "SensorNumber": 2,
            "Status": {
                "Health": "OK",
                "HealthRollup": "OK",
                "State": "Enabled"
            },
            "UpperThresholdCritical": 80,
            "UpperThresholdFatal": 80,
            "UpperThresholdNonCritical": 78
        },
        {
            "@odata.id": "/redfish/v1/Chassis/Enclosure.External.0-1_RAID.Slot.5-1/Thermal#/Temperatures/0",
            "LowerThresholdCritical": -20,
            "LowerThresholdFatal": -20,
            "LowerThresholdNonCritical": -20,
            "MemberId": "0",
            "Name": "Virtual SXP Core",
            "ReadingCelsius": 49,
            "RelatedItem": [
                {
                    "@odata.id": "/redfish/v1/Chassis/Enclosure.External.0-1_RAID.Slot.5-1"
                }
            ],
            "RelatedItem@odata.count": 1,
            "SensorNumber": 2,
            "Status": {
                "Health": "OK",
                "HealthRollup": "OK",
                "State": "Enabled"
            },
            "UpperThresholdCritical": 115,
            "UpperThresholdFatal": 115,
            "UpperThresholdNonCritical": 110
        },
        {
            "@odata.id": "/redfish/v1/Chassis/Enclosure.External.0-1_RAID.Slot.5-1/Thermal#/Temperatures/1",
            "LowerThresholdCritical": -20,
            "LowerThresholdFatal": -20,
            "LowerThresholdNonCritical": -20,
            "MemberId": "1",
            "Name": "Virtual Ambient Tempmon",
            "ReadingCelsius": 29,
            "RelatedItem": [
                {
                    "@odata.id": "/redfish/v1/Chassis/Enclosure.External.0-1_RAID.Slot.5-1"
                }
            ],
            "RelatedItem@odata.count": 1,
            "SensorNumber": 2,
            "Status": {
                "Health": "OK",
                "HealthRollup": "OK",
                "State": "Enabled"
            },
            "UpperThresholdCritical": 78,
            "UpperThresholdFatal": 78,
            "UpperThresholdNonCritical": -20
        },
        {
            "@odata.id": "/redfish/v1/Chassis/Enclosure.External.0-1_RAID.Slot.5-1/Thermal#/Temperatures/2",
            "LowerThresholdCritical": -20,
            "LowerThresholdFatal": -20,
            "LowerThresholdNonCritical": -20,
            "MemberId": "2",
            "Name": "Temperature, hot drive 1",
            "ReadingCelsius": 43,
            "RelatedItem": [
                {
                    "@odata.id": "/redfish/v1/Chassis/Enclosure.External.0-1_RAID.Slot.5-1"
                }
            ],
            "RelatedItem@odata.count": 1,
            "SensorNumber": 2,
            "Status": {
                "Health": "OK",
                "HealthRollup": "OK",
                "State": "Enabled"
            },
            "UpperThresholdCritical": 68,
            "UpperThresholdFatal": 68,
            "UpperThresholdNonCritical": 64
        },
        {
            "@odata.id": "/redfish/v1/Chassis/Enclosure.External.0-1_RAID.Slot.5-1/Thermal#/Temperatures/3",
            "LowerThresholdCritical": -20,
            "LowerThresholdFatal": -20,
            "LowerThresholdNonCritical": -20,
            "MemberId": "3",
            "Name": "Temperature, hot drive 2",
            "ReadingCelsius": 42,
            "RelatedItem": [
                {
                    "@odata.id": "/redfish/v1/Chassis/Enclosure.External.0-1_RAID.Slot.5-1"
                }
            ],
            "RelatedItem@odata.count": 1,
            "SensorNumber": 2,
            "Status": {
                "Health": "OK",
                "HealthRollup": "OK",
                "State": "Enabled"
            },
            "UpperThresholdCritical": 68,
            "UpperThresholdFatal": 68,
            "UpperThresholdNonCritical": 64
        },
        {
            "@odata.id": "/redfish/v1/Chassis/Enclosure.External.0-1_RAID.Slot.5-1/Thermal#/Temperatures/4",
            "LowerThresholdCritical": -20,
            "LowerThresholdFatal": -20,
            "LowerThresholdNonCritical": -20,
            "MemberId": "4",
            "Name": "Temperature, hot drive 3",
            "ReadingCelsius": 40,
            "RelatedItem": [
                {
                    "@odata.id": "/redfish/v1/Chassis/Enclosure.External.0-1_RAID.Slot.5-1"
                }
            ],
            "RelatedItem@odata.count": 1,
            "SensorNumber": 2,
            "Status": {
                "Health": "OK",
                "HealthRollup": "OK",
                "State": "Enabled"
            },
            "UpperThresholdCritical": 68,
            "UpperThresholdFatal": 68,
            "UpperThresholdNonCritical": 64
        },
        {
            "@odata.id": "/redfish/v1/Chassis/Enclosure.External.0-1_RAID.Slot.5-1/Thermal#/Temperatures/5",
            "LowerThresholdCritical": -20,
            "LowerThresholdFatal": -20,
            "LowerThresholdNonCritical": -20,
            "MemberId": "5",
            "Name": "Virtual Temperature, overtemp",
            "ReadingCelsius": 43,
            "RelatedItem": [
                {
                    "@odata.id": "/redfish/v1/Chassis/Enclosure.External.0-1_RAID.Slot.5-1"
                }
            ],
            "RelatedItem@odata.count": 1,
            "SensorNumber": 2,
            "Status": {
                "Health": "OK",
                "HealthRollup": "OK",
                "State": "Enabled"
            },
            "UpperThresholdCritical": 80,
            "UpperThresholdFatal": 80,
            "UpperThresholdNonCritical": 76
        },
        {
            "@odata.id": "/redfish/v1/Chassis/Enclosure.External.0-1_RAID.Slot.5-1/Thermal#/Temperatures/6",
            "LowerThresholdCritical": -20,
            "LowerThresholdFatal": -20,
            "LowerThresholdNonCritical": -20,
            "MemberId": "6",
            "Name": "Ambient temperature sensor",
            "ReadingCelsius": 29,
            "RelatedItem": [
                {
                    "@odata.id": "/redfish/v1/Chassis/Enclosure.External.0-1_RAID.Slot.5-1"
                }
            ],
            "RelatedItem@odata.count": 1,
            "SensorNumber": 2,
            "Status": {
                "Health": "OK",
                "HealthRollup": "OK",
                "State": "Enabled"
            },
            "UpperThresholdCritical": 78,
            "UpperThresholdFatal": 78,
            "UpperThresholdNonCritical": 74
        },
        {
            "@odata.id": "/redfish/v1/Chassis/Enclosure.External.0-1_RAID.Slot.5-1/Thermal#/Temperatures/0",
            "LowerThresholdCritical": -20,
            "LowerThresholdFatal": -20,
            "LowerThresholdNonCritical": -20,
            "MemberId": "0",
            "Name": "Ambient on PS0",
            "ReadingCelsius": 39,
            "RelatedItem": [
                {
                    "@odata.id": "/redfish/v1/Chassis/Enclosure.External.0-1_RAID.Slot.5-1"
                }
            ],
            "RelatedItem@odata.count": 1,
            "SensorNumber": 2,
            "Status": {
                "Health": "OK",
                "HealthRollup": "OK",
                "State": "Enabled"
            },
            "UpperThresholdCritical": 65,
            "UpperThresholdFatal": 65,
            "UpperThresholdNonCritical": 61
        },
        {
            "@odata.id": "/redfish/v1/Chassis/Enclosure.External.0-1_RAID.Slot.5-1/Thermal#/Temperatures/1",
            "LowerThresholdCritical": -20,
            "LowerThresholdFatal": -20,
            "LowerThresholdNonCritical": -20,
            "MemberId": "1",
            "Name": "Secondary Hot Spot Temp on PS0",
            "ReadingCelsius": 41,
            "RelatedItem": [
                {
                    "@odata.id": "/redfish/v1/Chassis/Enclosure.External.0-1_RAID.Slot.5-1"
                }
            ],
            "RelatedItem@odata.count": 1,
            "SensorNumber": 2,
            "Status": {
                "Health": "OK",
                "HealthRollup": "OK",
                "State": "Enabled"
            },
            "UpperThresholdCritical": 105,
            "UpperThresholdFatal": 105,
            "UpperThresholdNonCritical": 100
        },
        {
            "@odata.id": "/redfish/v1/Chassis/Enclosure.External.0-1_RAID.Slot.5-1/Thermal#/Temperatures/2",
            "LowerThresholdCritical": -20,
            "LowerThresholdFatal": -20,
            "LowerThresholdNonCritical": -20,
            "MemberId": "2",
            "Name": "Primary Hot Spot Temp on PS0",
            "ReadingCelsius": 44,
            "RelatedItem": [
                {
                    "@odata.id": "/redfish/v1/Chassis/Enclosure.External.0-1_RAID.Slot.5-1"
                }
            ],
            "RelatedItem@odata.count": 1,
            "SensorNumber": 2,
            "Status": {
                "Health": "OK",
                "HealthRollup": "OK",
                "State": "Enabled"
            },
            "UpperThresholdCritical": 105,
            "UpperThresholdFatal": 105,
            "UpperThresholdNonCritical": 100
        },
        {
            "@odata.id": "/redfish/v1/Chassis/Enclosure.External.0-1_RAID.Slot.5-1/Thermal#/Temperatures/0",
            "LowerThresholdCritical": -20,
            "LowerThresholdFatal": -20,
            "LowerThresholdNonCritical": -20,
            "MemberId": "0",
            "Name": "Ambient on PS1",
            "ReadingCelsius": 42,
            "RelatedItem": [
                {
                    "@odata.id": "/redfish/v1/Chassis/Enclosure.External.0-1_RAID.Slot.5-1"
                }
            ],
            "RelatedItem@odata.count": 1,
            "SensorNumber": 2,
            "Status": {
                "Health": "OK",
                "HealthRollup": "OK",
                "State": "Enabled"
            },
            "UpperThresholdCritical": 65,
            "UpperThresholdFatal": 65,
            "UpperThresholdNonCritical": 61
        },
        {
            "@odata.id": "/redfish/v1/Chassis/Enclosure.External.0-1_RAID.Slot.5-1/Thermal#/Temperatures/1",
            "LowerThresholdCritical": -20,
            "LowerThresholdFatal": -20,
            "LowerThresholdNonCritical": -20,
            "MemberId": "1",
            "Name": "Secondary Hot Spot Temp on PS1",
            "ReadingCelsius": 44,
            "RelatedItem": [
                {
                    "@odata.id": "/redfish/v1/Chassis/Enclosure.External.0-1_RAID.Slot.5-1"
                }
            ],
            "RelatedItem@odata.count": 1,
            "SensorNumber": 2,
            "Status": {
                "Health": "OK",
                "HealthRollup": "OK",
                "State": "Enabled"
            },
            "UpperThresholdCritical": 105,
            "UpperThresholdFatal": 105,
            "UpperThresholdNonCritical": 100
        },
        {
            "@odata.id": "/redfish/v1/Chassis/Enclosure.External.0-1_RAID.Slot.5-1/Thermal#/Temperatures/2",
            "LowerThresholdCritical": -20,
            "LowerThresholdFatal": -20,
            "LowerThresholdNonCritical": -20,
            "MemberId": "2",
            "Name": "Primary Hot Spot Temp on PS1",
            "ReadingCelsius": 46,
            "RelatedItem": [
                {
                    "@odata.id": "/redfish/v1/Chassis/Enclosure.External.0-1_RAID.Slot.5-1"
                }
            ],
            "RelatedItem@odata.count": 1,
            "SensorNumber": 2,
            "Status": {
                "Health": "OK",
                "HealthRollup": "OK",
                "State": "Enabled"
            },
            "UpperThresholdCritical": 105,
            "UpperThresholdFatal": 105,
            "UpperThresholdNonCritical": 100
        },
        {
            "@odata.id": "/redfish/v1/Chassis/Enclosure.External.0-1_RAID.Slot.5-1/Thermal#/Temperatures/0",
            "LowerThresholdCritical": -20,
            "LowerThresholdFatal": -20,
            "LowerThresholdNonCritical": -20,
            "MemberId": "0",
            "Name": "SXP Core Temperature",
            "ReadingCelsius": 66,
            "RelatedItem": [
                {
                    "@odata.id": "/redfish/v1/Chassis/Enclosure.External.0-1_RAID.Slot.5-1"
                }
            ],
            "RelatedItem@odata.count": 1,
            "SensorNumber": 2,
            "Status": {
                "Health": "OK",
                "HealthRollup": "OK",
                "State": "Enabled"
            },
            "UpperThresholdCritical": 115,
            "UpperThresholdFatal": 115,
            "UpperThresholdNonCritical": 110
        },
        {
            "@odata.id": "/redfish/v1/Chassis/Enclosure.External.0-1_RAID.Slot.5-1/Thermal#/Temperatures/1",
            "LowerThresholdCritical": -20,
            "LowerThresholdFatal": -20,
            "LowerThresholdNonCritical": -20,
            "MemberId": "1",
            "Name": "ESM Inlet",
            "ReadingCelsius": 41,
            "RelatedItem": [
                {
                    "@odata.id": "/redfish/v1/Chassis/Enclosure.External.0-1_RAID.Slot.5-1"
                }
            ],
            "RelatedItem@odata.count": 1,
            "SensorNumber": 2,
            "Status": {
                "Health": "OK",
                "HealthRollup": "OK",
                "State": "Enabled"
            },
            "UpperThresholdCritical": 72,
            "UpperThresholdFatal": 72,
            "UpperThresholdNonCritical": 70
        },
        {
            "@odata.id": "/redfish/v1/Chassis/Enclosure.External.0-1_RAID.Slot.5-1/Thermal#/Temperatures/2",
            "LowerThresholdCritical": -20,
            "LowerThresholdFatal": -20,
            "LowerThresholdNonCritical": -20,
            "MemberId": "2",
            "Name": "ESM Outlet",
            "ReadingCelsius": 42,
            "RelatedItem": [
                {
                    "@odata.id": "/redfish/v1/Chassis/Enclosure.External.0-1_RAID.Slot.5-1"
                }
            ],
            "RelatedItem@odata.count": 1,
            "SensorNumber": 2,
            "Status": {
                "Health": "OK",
                "HealthRollup": "OK",
                "State": "Enabled"
            },
            "UpperThresholdCritical": 80,
            "UpperThresholdFatal": 80,
            "UpperThresholdNonCritical": 78
        }
    ],
    "Temperatures@odata.count": 19
}